Kategorie,Frage
Technische Probleme,Warum ist mein Computer so langsam?
Technische Probleme,Wie kann ich mein Konto löschen?
Allgemeine Fragen,Wie behebe ich eine langsame WLAN-Verbindung?
Technische Probleme,Wo finde ich die Datenschutzeinstellungen?
Allgemeine Fragen,Warum kann ich keine Dateien herunterladen?
Technische Probleme,Wie kann ich meinen Account reaktivieren?
Allgemeine Fragen,Wie behebe ich einen Bluescreen-Fehler?
Allgemeine Fragen,Wie kann ich meine Benachrichtigungen anpassen?
Technische Probleme,Warum startet mein Computer nicht?
Technische Probleme,Kann ich meinen Benutzernamen ändern?
Technische Probleme,Warum funktioniert meine Internetverbindung nicht?
Allgemeine Fragen,Wie kann ich mein Passwort ändern?
Allgemeine Fragen,Wie behebe ich eine langsame WLAN-Verbindung?
Technische Probleme,Wie kann ich mein Konto löschen?
Allgemeine Fragen,Warum kann ich keine Dateien herunterladen?
Technische Probleme,Wie kann ich meine Benachrichtigungen anpassen?
Allgemeine Fragen,Wie kann ich meinen Browser-Cache leeren?
Allgemeine Fragen,Wie kann ich meinen Account reaktivieren?
Technische Probleme,"Mein Bildschirm flackert, was kann ich tun?"
Technische Probleme,Wo finde ich die Einstellungen für mein Konto?
Technische Probleme,"Mein Drucker druckt nicht, was soll ich tun?"
Allgemeine Fragen,Wie überprüfe ich den Speicherplatz auf meinem Gerät?
Allgemeine Fragen,Warum ist mein Computer so langsam?
Allgemeine Fragen,Wo finde ich die Datenschutzeinstellungen?
Technische Probleme,Warum kann ich keine Dateien herunterladen?
Allgemeine Fragen,Wie kann ich meinen Account reaktivieren?
Allgemeine Fragen,Warum startet mein Computer nicht?
Technische Probleme,Wie kann ich mein Passwort ändern?
Technische Probleme,"Mein Drucker druckt nicht, was soll ich tun?"
Technische Probleme,Kann ich meinen Benutzernamen ändern?
Allgemeine Fragen,Warum kann ich keine Dateien herunterladen?
Technische Probleme,Wie kann ich mein Passwort ändern?
Allgemeine Fragen,Warum funktioniert meine Internetverbindung nicht?
Allgemeine Fragen,Wie kann ich meine Benachrichtigungen anpassen?
Technische Probleme,"Mein Drucker druckt nicht, was soll ich tun?"
Allgemeine Fragen,Wie aktiviere ich die Zwei-Faktor-Authentifizierung?
Allgemeine Fragen,"Mein Drucker druckt nicht, was soll ich tun?"
Allgemeine Fragen,Wie kann ich meine Benachrichtigungen anpassen?
Allgemeine Fragen,Warum funktioniert meine Internetverbindung nicht?
Technische Probleme,Wie kann ich mein Passwort ändern?
Allgemeine Fragen,Warum funktioniert meine Internetverbindung nicht?
Technische Probleme,Wie kann ich meinen Account reaktivieren?
Technische Probleme,"Mein Bildschirm flackert, was kann ich tun?"
Allgemeine Fragen,Wie melde ich mich von allen Geräten ab?
Technische Probleme,Wie kann ich meinen Router neu starten?
Allgemeine Fragen,Wie melde ich mich von allen Geräten ab?
Technische Probleme,Warum startet mein Computer nicht?
Technische Probleme,Wie überprüfe ich den Speicherplatz auf meinem Gerät?
Allgemeine Fragen,Warum startet mein Computer nicht?
Technische Probleme,Wie melde ich mich von allen Geräten ab?
Allgemeine Fragen,"Mein Drucker druckt nicht, was soll ich tun?"
Allgemeine Fragen,Wie kann ich meinen Account reaktivieren?
Technische Probleme,Warum kann ich keine Dateien herunterladen?
Technische Probleme,Wo finde ich die Einstellungen für mein Konto?
Allgemeine Fragen,Warum funktioniert meine Internetverbindung nicht?
Technische Probleme,Wie aktiviere ich die Zwei-Faktor-Authentifizierung?
Allgemeine Fragen,Warum ist mein Computer so langsam?
Allgemeine Fragen,Wie überprüfe ich den Speicherplatz auf meinem Gerät?
Allgemeine Fragen,Warum startet mein Computer nicht?
Allgemeine Fragen,Wie melde ich mich von allen Geräten ab?
Allgemeine Fragen,Wie kann ich meinen Router neu starten?
Allgemeine Fragen,Wo finde ich die Einstellungen für mein Konto?
Technische Probleme,Wie behebe ich einen Bluescreen-Fehler?
Allgemeine Fragen,Wie kann ich mein Passwort ändern?
Technische Probleme,Wie kann ich meinen Router neu starten?
Allgemeine Fragen,Kann ich meinen Benutzernamen ändern?
Technische Probleme,Warum startet mein Computer nicht?
Allgemeine Fragen,Wie melde ich mich von allen Geräten ab?
Allgemeine Fragen,Warum startet mein Computer nicht?
Technische Probleme,Wie überprüfe ich den Speicherplatz auf meinem Gerät?
Allgemeine Fragen,Warum kann ich keine Dateien herunterladen?
Technische Probleme,Kann ich meinen Benutzernamen ändern?
Technische Probleme,Wie kann ich meinen Router neu starten?
Technische Probleme,Kann ich meinen Benutzernamen ändern?
Allgemeine Fragen,Wie kann ich meinen Router neu starten?
Allgemeine Fragen,Wie kann ich meinen Account reaktivieren?
Technische Probleme,Warum ist mein Computer so langsam?
Allgemeine Fragen,Wie kann ich mein Passwort ändern?
Technische Probleme,"Mein Bildschirm flackert, was kann ich tun?"
Allgemeine Fragen,Kann ich meinen Benutzernamen ändern?
Allgemeine Fragen,Warum kann ich keine Dateien herunterladen?
Allgemeine Fragen,Wo finde ich die Einstellungen für mein Konto?
Allgemeine Fragen,Wie behebe ich einen Bluescreen-Fehler?
Allgemeine Fragen,Wie kann ich mein Passwort ändern?
Technische Probleme,Wie kann ich meinen Browser-Cache leeren?
Technische Probleme,Kann ich meinen Benutzernamen ändern?
Technische Probleme,Wie kann ich meinen Browser-Cache leeren?
Technische Probleme,Kann ich meinen Benutzernamen ändern?
Technische Probleme,Warum funktioniert meine Internetverbindung nicht?
Technische Probleme,Wie kann ich mein Passwort ändern?
Allgemeine Fragen,"Mein Drucker druckt nicht, was soll ich tun?"
Allgemeine Fragen,Wie aktiviere ich die Zwei-Faktor-Authentifizierung?
Technische Probleme,Wie kann ich meinen Browser-Cache leeren?
Technische Probleme,Wie kann ich meinen Account reaktivieren?
Allgemeine Fragen,Warum startet mein Computer nicht?
Technische Probleme,Wie überprüfe ich den Speicherplatz auf meinem Gerät?
Technische Probleme,"Mein Drucker druckt nicht, was soll ich tun?"
Allgemeine Fragen,Wo finde ich die Einstellungen für mein Konto?
Allgemeine Fragen,"Mein Drucker druckt nicht, was soll ich tun?"
Allgemeine Fragen,Wie kann ich mein Konto löschen?
Technische Probleme,Wie kann ich meinen Router neu starten?
Allgemeine Fragen,Wie kann ich mein Passwort ändern?
Technische Probleme,Wie kann ich meinen Router neu starten?
Allgemeine Fragen,Wo finde ich die Einstellungen für mein Konto?
Technische Probleme,Warum startet mein Computer nicht?
Allgemeine Fragen,Wie kann ich meine Benachrichtigungen anpassen?
Technische Probleme,Warum ist mein Computer so langsam?
Technische Probleme,Wo finde ich die Datenschutzeinstellungen?
Technische Probleme,Warum kann ich keine Dateien herunterladen?
Technische Probleme,Wie kann ich mein Konto löschen?
Allgemeine Fragen,"Mein Bildschirm flackert, was kann ich tun?"
Allgemeine Fragen,Wie melde ich mich von allen Geräten ab?
Allgemeine Fragen,"Mein Drucker druckt nicht, was soll ich tun?"
Allgemeine Fragen,Wie kann ich mein Passwort ändern?
Technische Probleme,Warum ist mein Computer so langsam?
Allgemeine Fragen,Wie kann ich mein Konto löschen?
Allgemeine Fragen,Wie behebe ich einen Bluescreen-Fehler?
Technische Probleme,Wie kann ich meinen Account reaktivieren?
Allgemeine Fragen,Wie kann ich meinen Browser-Cache leeren?
Allgemeine Fragen,Wie kann ich mein Konto löschen?
Allgemeine Fragen,Warum startet mein Computer nicht?
Allgemeine Fragen,Wie kann ich mein Passwort ändern?
Technische Probleme,Warum funktioniert meine Internetverbindung nicht?
Allgemeine Fragen,Wie kann ich meinen Account reaktivieren?
Allgemeine Fragen,Warum ist mein Computer so langsam?
Allgemeine Fragen,Wie aktiviere ich die Zwei-Faktor-Authentifizierung?
Allgemeine Fragen,Wie behebe ich eine langsame WLAN-Verbindung?
Technische Probleme,Wo finde ich die Einstellungen für mein Konto?
Technische Probleme,Wie behebe ich einen Bluescreen-Fehler?
Allgemeine Fragen,Wie kann ich mein Passwort ändern?
Technische Probleme,"Mein Bildschirm flackert, was kann ich tun?"
Technische Probleme,Wo finde ich die Einstellungen für mein Konto?
Allgemeine Fragen,"Mein Bildschirm flackert, was kann ich tun?"
Technische Probleme,Wie kann ich meinen Account reaktivieren?
Allgemeine Fragen,Wie behebe ich einen Bluescreen-Fehler?
Allgemeine Fragen,Wie kann ich mein Konto löschen?
Allgemeine Fragen,"Mein Drucker druckt nicht, was soll ich tun?"
Technische Probleme,Wie melde ich mich von allen Geräten ab?
Allgemeine Fragen,Wie behebe ich einen Bluescreen-Fehler?
Technische Probleme,Wie überprüfe ich den Speicherplatz auf meinem Gerät?
Allgemeine Fragen,Warum kann ich keine Dateien herunterladen?
Technische Probleme,Wo finde ich die Einstellungen für mein Konto?
Allgemeine Fragen,Wie behebe ich einen Bluescreen-Fehler?
Technische Probleme,Wie überprüfe ich den Speicherplatz auf meinem Gerät?
Technische Probleme,Wie kann ich meinen Router neu starten?
Technische Probleme,Wie melde ich mich von allen Geräten ab?
Technische Probleme,Warum kann ich keine Dateien herunterladen?
Allgemeine Fragen,Wie aktiviere ich die Zwei-Faktor-Authentifizierung?
Allgemeine Fragen,Wie behebe ich einen Bluescreen-Fehler?
Allgemeine Fragen,Wie kann ich mein Konto löschen?
Technische Probleme,Warum funktioniert meine Internetverbindung nicht?
Allgemeine Fragen,Wie kann ich mein Konto löschen?
Allgemeine Fragen,"Mein Drucker druckt nicht, was soll ich tun?"
Allgemeine Fragen,Wie melde ich mich von allen Geräten ab?
Allgemeine Fragen,Wie kann ich meinen Browser-Cache leeren?
Technische Probleme,Wie kann ich mein Konto löschen?
Allgemeine Fragen,Warum startet mein Computer nicht?
Technische Probleme,Wie kann ich meinen Account reaktivieren?
Allgemeine Fragen,Wie kann ich meinen Router neu starten?
Technische Probleme,Wie überprüfe ich den Speicherplatz auf meinem Gerät?
Allgemeine Fragen,"Mein Drucker druckt nicht, was soll ich tun?"
Allgemeine Fragen,Wie kann ich mein Passwort ändern?
Technische Probleme,Warum ist mein Computer so langsam?
Allgemeine Fragen,Wie kann ich meine Benachrichtigungen anpassen?
Technische Probleme,Warum funktioniert meine Internetverbindung nicht?
Allgemeine Fragen,Wie kann ich meinen Account reaktivieren?
Technische Probleme,Wie kann ich meinen Router neu starten?
Allgemeine Fragen,Wie kann ich mein Konto löschen?
Allgemeine Fragen,Wie behebe ich eine langsame WLAN-Verbindung?
Allgemeine Fragen,Wo finde ich die Einstellungen für mein Konto?
Technische Probleme,Wie kann ich meinen Browser-Cache leeren?
Technische Probleme,Wie kann ich mein Konto löschen?
Technische Probleme,Warum ist mein Computer so langsam?
Technische Probleme,Wie melde ich mich von allen Geräten ab?
Allgemeine Fragen,Wie behebe ich eine langsame WLAN-Verbindung?
Allgemeine Fragen,Wie überprüfe ich den Speicherplatz auf meinem Gerät?
Technische Probleme,Warum startet mein Computer nicht?
Technische Probleme,Wo finde ich die Einstellungen für mein Konto?
Technische Probleme,Warum startet mein Computer nicht?
Technische Probleme,Wo finde ich die Einstellungen für mein Konto?
Technische Probleme,Wie behebe ich eine langsame WLAN-Verbindung?
Allgemeine Fragen,Wie aktiviere ich die Zwei-Faktor-Authentifizierung?
Technische Probleme,Warum funktioniert meine Internetverbindung nicht?
Allgemeine Fragen,Kann ich meinen Benutzernamen ändern?
Technische Probleme,Warum funktioniert meine Internetverbindung nicht?
Technische Probleme,Wo finde ich die Datenschutzeinstellungen?
Technische Probleme,Warum ist mein Computer so langsam?
Allgemeine Fragen,Wie kann ich meine Benachrichtigungen anpassen?
Technische Probleme,Warum startet mein Computer nicht?
Allgemeine Fragen,Kann ich meinen Benutzernamen ändern?
Technische Probleme,"Mein Bildschirm flackert, was kann ich tun?"
Allgemeine Fragen,Wie melde ich mich von allen Geräten ab?
Allgemeine Fragen,Wie behebe ich einen Bluescreen-Fehler?
Technische Probleme,Kann ich meinen Benutzernamen ändern?
Allgemeine Fragen,Warum kann ich keine Dateien herunterladen?
Allgemeine Fragen,Wie kann ich mein Konto löschen?
Allgemeine Fragen,Wie kann ich meinen Router neu starten?
Allgemeine Fragen,Wie kann ich mein Konto löschen?
Allgemeine Fragen,Wie kann ich meinen Browser-Cache leeren?
Technische Probleme,Wie überprüfe ich den Speicherplatz auf meinem Gerät?
Technische Probleme,"Mein Bildschirm flackert, was kann ich tun?"
Allgemeine Fragen,Wo finde ich die Einstellungen für mein Konto?
Allgemeine Fragen,Warum funktioniert meine Internetverbindung nicht?
Allgemeine Fragen,Wie melde ich mich von allen Geräten ab?
Technische Probleme,"Mein Bildschirm flackert, was kann ich tun?"
Technische Probleme,Wo finde ich die Datenschutzeinstellungen?
Allgemeine Fragen,Wie behebe ich einen Bluescreen-Fehler?
Allgemeine Fragen,Wie überprüfe ich den Speicherplatz auf meinem Gerät?
Technische Probleme,Warum kann ich keine Dateien herunterladen?
Technische Probleme,Wie kann ich meinen Account reaktivieren?
Technische Probleme,Wie kann ich meinen Router neu starten?
Technische Probleme,Wie melde ich mich von allen Geräten ab?
Technische Probleme,Wie kann ich meinen Browser-Cache leeren?
Allgemeine Fragen,Wie kann ich meine Benachrichtigungen anpassen?
Technische Probleme,Wie kann ich meinen Router neu starten?
Technische Probleme,Kann ich meinen Benutzernamen ändern?
Allgemeine Fragen,Wie behebe ich eine langsame WLAN-Verbindung?
Allgemeine Fragen,Wie kann ich meinen Account reaktivieren?
Technische Probleme,Warum ist mein Computer so langsam?
Allgemeine Fragen,Wie kann ich meinen Account reaktivieren?
Allgemeine Fragen,Warum ist mein Computer so langsam?
Technische Probleme,Wie kann ich mein Passwort ändern?
Allgemeine Fragen,"Mein Drucker druckt nicht, was soll ich tun?"
Allgemeine Fragen,Wie melde ich mich von allen Geräten ab?
Technische Probleme,Warum kann ich keine Dateien herunterladen?
Technische Probleme,Wie kann ich mein Passwort ändern?
Allgemeine Fragen,Warum kann ich keine Dateien herunterladen?
Technische Probleme,Wo finde ich die Einstellungen für mein Konto?
Technische Probleme,Warum startet mein Computer nicht?
Allgemeine Fragen,Wie kann ich meine Benachrichtigungen anpassen?
Technische Probleme,Wie behebe ich einen Bluescreen-Fehler?
Allgemeine Fragen,Wo finde ich die Einstellungen für mein Konto?
Allgemeine Fragen,Wie kann ich meinen Browser-Cache leeren?
Technische Probleme,Wo finde ich die Datenschutzeinstellungen?
Allgemeine Fragen,Warum kann ich keine Dateien herunterladen?
Allgemeine Fragen,Wie kann ich mein Passwort ändern?
Technische Probleme,"Mein Bildschirm flackert, was kann ich tun?"
Allgemeine Fragen,Wie kann ich mein Konto löschen?
Technische Probleme,Warum kann ich keine Dateien herunterladen?
Technische Probleme,Wie überprüfe ich den Speicherplatz auf meinem Gerät?
Allgemeine Fragen,Wie kann ich meinen Browser-Cache leeren?
Technische Probleme,Wo finde ich die Datenschutzeinstellungen?
Allgemeine Fragen,"Mein Bildschirm flackert, was kann ich tun?"
Allgemeine Fragen,Kann ich meinen Benutzernamen ändern?
Allgemeine Fragen,Warum funktioniert meine Internetverbindung nicht?
Allgemeine Fragen,Wie kann ich mein Konto löschen?
Allgemeine Fragen,Warum kann ich keine Dateien herunterladen?
Allgemeine Fragen,Wie kann ich mein Konto löschen?
Allgemeine Fragen,Warum funktioniert meine Internetverbindung nicht?
Technische Probleme,Wie kann ich meine Benachrichtigungen anpassen?
Allgemeine Fragen,"Mein Bildschirm flackert, was kann ich tun?"
Technische Probleme,Wie kann ich mein Passwort ändern?
Allgemeine Fragen,Wie behebe ich einen Bluescreen-Fehler?
Allgemeine Fragen,Wie kann ich meinen Account reaktivieren?
Technische Probleme,Wie kann ich meinen Router neu starten?
Technische Probleme,Wie kann ich mein Passwort ändern?
Allgemeine Fragen,Wie kann ich meinen Browser-Cache leeren?
Technische Probleme,Kann ich meinen Benutzernamen ändern?
Technische Probleme,Warum funktioniert meine Internetverbindung nicht?
Allgemeine Fragen,Wie kann ich mein Konto löschen?
Allgemeine Fragen,Wie behebe ich einen Bluescreen-Fehler?
Allgemeine Fragen,Kann ich meinen Benutzernamen ändern?
Allgemeine Fragen,Wie kann ich meinen Router neu starten?
Technische Probleme,Wie überprüfe ich den Speicherplatz auf meinem Gerät?
Technische Probleme,Warum kann ich keine Dateien herunterladen?
Allgemeine Fragen,Wie aktiviere ich die Zwei-Faktor-Authentifizierung?
Allgemeine Fragen,Warum funktioniert meine Internetverbindung nicht?
Technische Probleme,Wo finde ich die Einstellungen für mein Konto?
Technische Probleme,Wie kann ich meinen Browser-Cache leeren?
Technische Probleme,Wie kann ich mein Passwort ändern?
Technische Probleme,"Mein Drucker druckt nicht, was soll ich tun?"
Technische Probleme,Kann ich meinen Benutzernamen ändern?
Allgemeine Fragen,"Mein Bildschirm flackert, was kann ich tun?"
Allgemeine Fragen,Kann ich meinen Benutzernamen ändern?
Technische Probleme,Warum kann ich keine Dateien herunterladen?
Technische Probleme,Wie kann ich meinen Account reaktivieren?
Allgemeine Fragen,Warum startet mein Computer nicht?
Allgemeine Fragen,Wo finde ich die Datenschutzeinstellungen?
Allgemeine Fragen,Wie behebe ich eine langsame WLAN-Verbindung?
Technische Probleme,Kann ich meinen Benutzernamen ändern?
Allgemeine Fragen,"Mein Bildschirm flackert, was kann ich tun?"
Allgemeine Fragen,Wie kann ich meine Benachrichtigungen anpassen?
Allgemeine Fragen,Wie kann ich meinen Browser-Cache leeren?
Allgemeine Fragen,Wo finde ich die Einstellungen für mein Konto?
Allgemeine Fragen,Wie kann ich meinen Browser-Cache leeren?
Technische Probleme,Wie kann ich meinen Account reaktivieren?
Technische Probleme,Warum funktioniert meine Internetverbindung nicht?
Allgemeine Fragen,Wie überprüfe ich den Speicherplatz auf meinem Gerät?
Allgemeine Fragen,"Mein Drucker druckt nicht, was soll ich tun?"
Technische Probleme,Wie kann ich mein Konto löschen?
Technische Probleme,Wie behebe ich einen Bluescreen-Fehler?
Allgemeine Fragen,Wie kann ich mein Passwort ändern?
Allgemeine Fragen,"Mein Drucker druckt nicht, was soll ich tun?"
Technische Probleme,Kann ich meinen Benutzernamen ändern?
Allgemeine Fragen,Warum ist mein Computer so langsam?
Technische Probleme,Wie überprüfe ich den Speicherplatz auf meinem Gerät?
Technische Probleme,"Mein Bildschirm flackert, was kann ich tun?"
Allgemeine Fragen,Wie kann ich mein Konto löschen?
Technische Probleme,Warum funktioniert meine Internetverbindung nicht?
Technische Probleme,Wie aktiviere ich die Zwei-Faktor-Authentifizierung?
Technische Probleme,Warum funktioniert meine Internetverbindung nicht?
Allgemeine Fragen,Wie kann ich mein Passwort ändern?
Technische Probleme,Warum ist mein Computer so langsam?
Allgemeine Fragen,Wie kann ich mein Passwort ändern?
Allgemeine Fragen,Wie kann ich meinen Router neu starten?
Technische Probleme,Wie melde ich mich von allen Geräten ab?
Technische Probleme,"Mein Drucker druckt nicht, was soll ich tun?"
Allgemeine Fragen,Wie aktiviere ich die Zwei-Faktor-Authentifizierung?
Allgemeine Fragen,"Mein Drucker druckt nicht, was soll ich tun?"
Allgemeine Fragen,Wo finde ich die Datenschutzeinstellungen?
Allgemeine Fragen,Warum funktioniert meine Internetverbindung nicht?
Allgemeine Fragen,Wie kann ich mein Konto löschen?
Technische Probleme,Warum kann ich keine Dateien herunterladen?
Technische Probleme,Wie kann ich mein Konto löschen?
Allgemeine Fragen,Warum kann ich keine Dateien herunterladen?
Allgemeine Fragen,Wie aktiviere ich die Zwei-Faktor-Authentifizierung?
Allgemeine Fragen,Warum funktioniert meine Internetverbindung nicht?
Technische Probleme,Wie melde ich mich von allen Geräten ab?
Allgemeine Fragen,Warum funktioniert meine Internetverbindung nicht?
Technische Probleme,Wo finde ich die Datenschutzeinstellungen?
Technische Probleme,Wie behebe ich eine langsame WLAN-Verbindung?
Allgemeine Fragen,Wie kann ich meinen Account reaktivieren?
Technische Probleme,Warum kann ich keine Dateien herunterladen?
Technische Probleme,Wo finde ich die Datenschutzeinstellungen?
Allgemeine Fragen,Wie kann ich meinen Router neu starten?
Technische Probleme,Wie aktiviere ich die Zwei-Faktor-Authentifizierung?
Allgemeine Fragen,"Mein Drucker druckt nicht, was soll ich tun?"
Technische Probleme,Wie kann ich mein Konto löschen?
Technische Probleme,Wie behebe ich einen Bluescreen-Fehler?
Allgemeine Fragen,Wie kann ich mein Passwort ändern?
Allgemeine Fragen,"Mein Bildschirm flackert, was kann ich tun?"
Allgemeine Fragen,Wie kann ich meine Benachrichtigungen anpassen?
Allgemeine Fragen,Wie behebe ich einen Bluescreen-Fehler?
Allgemeine Fragen,Wie überprüfe ich den Speicherplatz auf meinem Gerät?
Allgemeine Fragen,Warum startet mein Computer nicht?
Technische Probleme,Wie melde ich mich von allen Geräten ab?
Technische Probleme,Warum startet mein Computer nicht?
Technische Probleme,Wie überprüfe ich den Speicherplatz auf meinem Gerät?
Technische Probleme,Warum ist mein Computer so langsam?
Technische Probleme,Wo finde ich die Einstellungen für mein Konto?
Technische Probleme,Warum startet mein Computer nicht?
Allgemeine Fragen,Wie kann ich meinen Account reaktivieren?
Allgemeine Fragen,Warum startet mein Computer nicht?
Technische Probleme,Wie kann ich mein Konto löschen?
Technische Probleme,Warum startet mein Computer nicht?
Technische Probleme,Wie überprüfe ich den Speicherplatz auf meinem Gerät?
Allgemeine Fragen,Wie behebe ich eine langsame WLAN-Verbindung?
Allgemeine Fragen,Wie überprüfe ich den Speicherplatz auf meinem Gerät?
Allgemeine Fragen,Warum kann ich keine Dateien herunterladen?
Allgemeine Fragen,Wie kann ich meinen Account reaktivieren?
Technische Probleme,Wie kann ich meinen Browser-Cache leeren?
Allgemeine Fragen,Wie melde ich mich von allen Geräten ab?
Allgemeine Fragen,Warum ist mein Computer so langsam?
Allgemeine Fragen,Wo finde ich die Datenschutzeinstellungen?
Technische Probleme,Warum startet mein Computer nicht?
Allgemeine Fragen,Wie kann ich meine Benachrichtigungen anpassen?
Allgemeine Fragen,Warum kann ich keine Dateien herunterladen?
Allgemeine Fragen,Kann ich meinen Benutzernamen ändern?
Technische Probleme,Wie behebe ich eine langsame WLAN-Verbindung?
Technische Probleme,Wo finde ich die Einstellungen für mein Konto?
Allgemeine Fragen,Warum funktioniert meine Internetverbindung nicht?
Allgemeine Fragen,Wie kann ich mein Passwort ändern?
Technische Probleme,Warum kann ich keine Dateien herunterladen?
Allgemeine Fragen,Wie kann ich meinen Account reaktivieren?
Technische Probleme,Warum funktioniert meine Internetverbindung nicht?
Allgemeine Fragen,Wie kann ich meinen Account reaktivieren?
Technische Probleme,"Mein Bildschirm flackert, was kann ich tun?"
Allgemeine Fragen,Wie kann ich meine Benachrichtigungen anpassen?
Technische Probleme,Warum startet mein Computer nicht?
Allgemeine Fragen,Wie melde ich mich von allen Geräten ab?
Allgemeine Fragen,Warum kann ich keine Dateien herunterladen?
Allgemeine Fragen,Wie kann ich mein Konto löschen?
Allgemeine Fragen,Wie kann ich meinen Router neu starten?
Allgemeine Fragen,Wie überprüfe ich den Speicherplatz auf meinem Gerät?
Technische Probleme,Wie kann ich meinen Router neu starten?
Allgemeine Fragen,Wo finde ich die Datenschutzeinstellungen?
Technische Probleme,"Mein Bildschirm flackert, was kann ich tun?"
Technische Probleme,Wie kann ich meine Benachrichtigungen anpassen?
Allgemeine Fragen,Warum funktioniert meine Internetverbindung nicht?
Technische Probleme,Wie kann ich mein Konto löschen?
Technische Probleme,Wie kann ich meinen Browser-Cache leeren?
Technische Probleme,Wie aktiviere ich die Zwei-Faktor-Authentifizierung?
Technische Probleme,Wie kann ich meinen Browser-Cache leeren?
Technische Probleme,Wie kann ich meinen Account reaktivieren?
Allgemeine Fragen,Warum kann ich keine Dateien herunterladen?
Allgemeine Fragen,Wo finde ich die Datenschutzeinstellungen?
Allgemeine Fragen,Warum ist mein Computer so langsam?
Allgemeine Fragen,Wie überprüfe ich den Speicherplatz auf meinem Gerät?
Technische Probleme,Wie behebe ich einen Bluescreen-Fehler?
Technische Probleme,Wie kann ich mein Konto löschen?
Allgemeine Fragen,Wie kann ich meinen Router neu starten?
Allgemeine Fragen,Wie kann ich meine Benachrichtigungen anpassen?
Allgemeine Fragen,Warum kann ich keine Dateien herunterladen?
Allgemeine Fragen,Wo finde ich die Datenschutzeinstellungen?
Allgemeine Fragen,Wie kann ich meinen Browser-Cache leeren?
Allgemeine Fragen,Wie melde ich mich von allen Geräten ab?
Allgemeine Fragen,Warum funktioniert meine Internetverbindung nicht?
Technische Probleme,Wie kann ich meinen Account reaktivieren?
Technische Probleme,Warum kann ich keine Dateien herunterladen?
Technische Probleme,Wie aktiviere ich die Zwei-Faktor-Authentifizierung?
Allgemeine Fragen,Wie kann ich meinen Router neu starten?
Technische Probleme,Wie kann ich meine Benachrichtigungen anpassen?
Technische Probleme,Warum funktioniert meine Internetverbindung nicht?
Allgemeine Fragen,Wie kann ich mein Passwort ändern?
Allgemeine Fragen,Warum ist mein Computer so langsam?
Technische Probleme,Wie kann ich meinen Account reaktivieren?
Technische Probleme,Warum funktioniert meine Internetverbindung nicht?
Allgemeine Fragen,Wie kann ich mein Konto löschen?
Technische Probleme,Wie behebe ich einen Bluescreen-Fehler?
Allgemeine Fragen,Wie melde ich mich von allen Geräten ab?
Technische Probleme,"Mein Drucker druckt nicht, was soll ich tun?"
Allgemeine Fragen,Wie überprüfe ich den Speicherplatz auf meinem Gerät?
Technische Probleme,"Mein Drucker druckt nicht, was soll ich tun?"
Allgemeine Fragen,Wie kann ich mein Konto löschen?
Technische Probleme,Wie kann ich meinen Browser-Cache leeren?
Allgemeine Fragen,Kann ich meinen Benutzernamen ändern?
Technische Probleme,"Mein Drucker druckt nicht, was soll ich tun?"
Allgemeine Fragen,Wie kann ich mein Passwort ändern?
Allgemeine Fragen,Warum ist mein Computer so langsam?
Allgemeine Fragen,Kann ich meinen Benutzernamen ändern?
Allgemeine Fragen,"Mein Bildschirm flackert, was kann ich tun?"
Allgemeine Fragen,Wie überprüfe ich den Speicherplatz auf meinem Gerät?
Allgemeine Fragen,Wie kann ich meinen Browser-Cache leeren?
Technische Probleme,Wo finde ich die Datenschutzeinstellungen?
Allgemeine Fragen,Warum funktioniert meine Internetverbindung nicht?
Technische Probleme,Wie überprüfe ich den Speicherplatz auf meinem Gerät?
Allgemeine Fragen,Wie kann ich meinen Browser-Cache leeren?
Technische Probleme,Kann ich meinen Benutzernamen ändern?
Technische Probleme,Wie kann ich meinen Router neu starten?
Allgemeine Fragen,Wo finde ich die Datenschutzeinstellungen?
Technische Probleme,Warum kann ich keine Dateien herunterladen?
Technische Probleme,Wie aktiviere ich die Zwei-Faktor-Authentifizierung?
Allgemeine Fragen,Wie kann ich meinen Browser-Cache leeren?
Allgemeine Fragen,Wie überprüfe ich den Speicherplatz auf meinem Gerät?
Allgemeine Fragen,"Mein Drucker druckt nicht, was soll ich tun?"
Allgemeine Fragen,Wo finde ich die Datenschutzeinstellungen?
Technische Probleme,Warum funktioniert meine Internetverbindung nicht?
Allgemeine Fragen,Wo finde ich die Datenschutzeinstellungen?
Technische Probleme,Warum ist mein Computer so langsam?
Technische Probleme,Wo finde ich die Datenschutzeinstellungen?
Allgemeine Fragen,Wie behebe ich einen Bluescreen-Fehler?
Technische Probleme,Wo finde ich die Einstellungen für mein Konto?
Allgemeine Fragen,"Mein Drucker druckt nicht, was soll ich tun?"
Allgemeine Fragen,Wie kann ich meine Benachrichtigungen anpassen?
Allgemeine Fragen,Wie behebe ich eine langsame WLAN-Verbindung?
Technische Probleme,Wo finde ich die Datenschutzeinstellungen?
Allgemeine Fragen,Wie behebe ich eine langsame WLAN-Verbindung?
Allgemeine Fragen,Wie melde ich mich von allen Geräten ab?
Technische Probleme,Warum ist mein Computer so langsam?
Technische Probleme,Wie kann ich mein Passwort ändern?
Technische Probleme,Warum funktioniert meine Internetverbindung nicht?
Allgemeine Fragen,Wie kann ich mein Passwort ändern?
Allgemeine Fragen,Warum funktioniert meine Internetverbindung nicht?
Allgemeine Fragen,Wie aktiviere ich die Zwei-Faktor-Authentifizierung?
Allgemeine Fragen,Warum startet mein Computer nicht?
Technische Probleme,Wo finde ich die Einstellungen für mein Konto?
Technische Probleme,Wie behebe ich eine langsame WLAN-Verbindung?
Technische Probleme,Wo finde ich die Datenschutzeinstellungen?
Technische Probleme,Wie behebe ich einen Bluescreen-Fehler?
Allgemeine Fragen,Wo finde ich die Datenschutzeinstellungen?
Technische Probleme,Warum startet mein Computer nicht?
Technische Probleme,Wie kann ich mein Konto löschen?
Allgemeine Fragen,"Mein Drucker druckt nicht, was soll ich tun?"
Allgemeine Fragen,Wie kann ich mein Passwort ändern?
Allgemeine Fragen,Warum kann ich keine Dateien herunterladen?
Allgemeine Fragen,Kann ich meinen Benutzernamen ändern?
Allgemeine Fragen,Warum funktioniert meine Internetverbindung nicht?
Technische Probleme,Wie kann ich mein Konto löschen?
Allgemeine Fragen,Wie kann ich meinen Router neu starten?
Technische Probleme,Wie überprüfe ich den Speicherplatz auf meinem Gerät?
Technische Probleme,Wie behebe ich eine langsame WLAN-Verbindung?
Technische Probleme,Wie überprüfe ich den Speicherplatz auf meinem Gerät?
Technische Probleme,Warum kann ich keine Dateien herunterladen?
Allgemeine Fragen,Wie kann ich mein Passwort ändern?
Technische Probleme,Wie behebe ich einen Bluescreen-Fehler?
Technische Probleme,Wie kann ich meine Benachrichtigungen anpassen?
Technische Probleme,"Mein Bildschirm flackert, was kann ich tun?"
Technische Probleme,Wo finde ich die Einstellungen für mein Konto?
Allgemeine Fragen,Warum startet mein Computer nicht?
Technische Probleme,Wie kann ich mein Passwort ändern?
Allgemeine Fragen,Wie behebe ich eine langsame WLAN-Verbindung?
Technische Probleme,Wie kann ich mein Passwort ändern?
Allgemeine Fragen,Wie kann ich meinen Router neu starten?
Technische Probleme,Wie aktiviere ich die Zwei-Faktor-Authentifizierung?
Technische Probleme,Wie behebe ich eine langsame WLAN-Verbindung?
Technische Probleme,Wie überprüfe ich den Speicherplatz auf meinem Gerät?
Allgemeine Fragen,Wie behebe ich einen Bluescreen-Fehler?
Technische Probleme,Kann ich meinen Benutzernamen ändern?
Technische Probleme,Wie behebe ich eine langsame WLAN-Verbindung?
Technische Probleme,Wo finde ich die Einstellungen für mein Konto?
Allgemeine Fragen,Warum kann ich keine Dateien herunterladen?
Allgemeine Fragen,Wie kann ich mein Konto löschen?
Technische Probleme,Warum startet mein Computer nicht?
Technische Probleme,Wie melde ich mich von allen Geräten ab?
Technische Probleme,Wie kann ich meinen Browser-Cache leeren?
Allgemeine Fragen,Wie melde ich mich von allen Geräten ab?
Allgemeine Fragen,Wie kann ich meinen Router neu starten?
Allgemeine Fragen,Wie überprüfe ich den Speicherplatz auf meinem Gerät?
Technische Probleme,Wie kann ich meinen Router neu starten?
Allgemeine Fragen,Wo finde ich die Einstellungen für mein Konto?
Allgemeine Fragen,Warum kann ich keine Dateien herunterladen?
Allgemeine Fragen,Wie kann ich mein Passwort ändern?
Technische Probleme,Warum funktioniert meine Internetverbindung nicht?
Technische Probleme,Kann ich meinen Benutzernamen ändern?
Technische Probleme,Wie behebe ich eine langsame WLAN-Verbindung?
Technische Probleme,Kann ich meinen Benutzernamen ändern?
Technische Probleme,Wie kann ich meinen Browser-Cache leeren?
Allgemeine Fragen,Wie melde ich mich von allen Geräten ab?
Technische Probleme,Wie behebe ich eine langsame WLAN-Verbindung?
Allgemeine Fragen,Kann ich meinen Benutzernamen ändern?
Allgemeine Fragen,Warum ist mein Computer so langsam?
Technische Probleme,Wie melde ich mich von allen Geräten ab?
Allgemeine Fragen,Wie kann ich meinen Router neu starten?
Allgemeine Fragen,Wie aktiviere ich die Zwei-Faktor-Authentifizierung?
Technische Probleme,Warum funktioniert meine Internetverbindung nicht?
Technische Probleme,Kann ich meinen Benutzernamen ändern?
Technische Probleme,Wie behebe ich einen Bluescreen-Fehler?
Technische Probleme,Wie kann ich mein Konto löschen?
Technische Probleme,Wie kann ich meinen Router neu starten?
Allgemeine Fragen,Wie kann ich mein Konto löschen?
Technische Probleme,Warum startet mein Computer nicht?
Allgemeine Fragen,Wie aktiviere ich die Zwei-Faktor-Authentifizierung?
Technische Probleme,Warum funktioniert meine Internetverbindung nicht?
Allgemeine Fragen,Wie kann ich meine Benachrichtigungen anpassen?
Technische Probleme,"Mein Drucker druckt nicht, was soll ich tun?"
Technische Probleme,Wo finde ich die Einstellungen für mein Konto?
Technische Probleme,"Mein Drucker druckt nicht, was soll ich tun?"
Technische Probleme,Wie kann ich meine Benachrichtigungen anpassen?
Technische Probleme,Warum ist mein Computer so langsam?
Technische Probleme,Wie kann ich meinen Account reaktivieren?
Allgemeine Fragen,Wie behebe ich eine langsame WLAN-Verbindung?
Technische Probleme,Wo finde ich die Einstellungen für mein Konto?
Technische Probleme,Warum kann ich keine Dateien herunterladen?
Allgemeine Fragen,Wie kann ich meinen Account reaktivieren?
Technische Probleme,Wie behebe ich eine langsame WLAN-Verbindung?
Allgemeine Fragen,Wie kann ich meinen Account reaktivieren?
Technische Probleme,Wie behebe ich einen Bluescreen-Fehler?
Technische Probleme,Wie aktiviere ich die Zwei-Faktor-Authentifizierung?
Technische Probleme,Wie kann ich meinen Router neu starten?
Allgemeine Fragen,Wo finde ich die Datenschutzeinstellungen?
Allgemeine Fragen,"Mein Drucker druckt nicht, was soll ich tun?"
Allgemeine Fragen,Wie kann ich meine Benachrichtigungen anpassen?
Technische Probleme,Warum startet mein Computer nicht?
Allgemeine Fragen,Wo finde ich die Datenschutzeinstellungen?
Allgemeine Fragen,"Mein Drucker druckt nicht, was soll ich tun?"
Allgemeine Fragen,Wie überprüfe ich den Speicherplatz auf meinem Gerät?
Technische Probleme,"Mein Drucker druckt nicht, was soll ich tun?"
Technische Probleme,Wie aktiviere ich die Zwei-Faktor-Authentifizierung?
Technische Probleme,Warum ist mein Computer so langsam?
Allgemeine Fragen,Wie melde ich mich von allen Geräten ab?
Technische Probleme,Wie behebe ich eine langsame WLAN-Verbindung?
Allgemeine Fragen,Wo finde ich die Einstellungen für mein Konto?
Technische Probleme,Wie kann ich meinen Browser-Cache leeren?
Allgemeine Fragen,Kann ich meinen Benutzernamen ändern?
Technische Probleme,"Mein Drucker druckt nicht, was soll ich tun?"
Technische Probleme,Wie überprüfe ich den Speicherplatz auf meinem Gerät?
Technische Probleme,Wie behebe ich eine langsame WLAN-Verbindung?
Technische Probleme,Wie kann ich mein Konto löschen?
Allgemeine Fragen,Warum kann ich keine Dateien herunterladen?
Technische Probleme,Wie aktiviere ich die Zwei-Faktor-Authentifizierung?
Allgemeine Fragen,Wie behebe ich eine langsame WLAN-Verbindung?
Technische Probleme,Wie überprüfe ich den Speicherplatz auf meinem Gerät?
Technische Probleme,Warum funktioniert meine Internetverbindung nicht?
Technische Probleme,Wie kann ich mein Passwort ändern?
Technische Probleme,Warum kann ich keine Dateien herunterladen?
Allgemeine Fragen,Wie kann ich mein Passwort ändern?
Allgemeine Fragen,Warum kann ich keine Dateien herunterladen?
Allgemeine Fragen,Wo finde ich die Einstellungen für mein Konto?
Allgemeine Fragen,Wie kann ich meinen Browser-Cache leeren?
Allgemeine Fragen,Wie melde ich mich von allen Geräten ab?
Allgemeine Fragen,Warum funktioniert meine Internetverbindung nicht?
Allgemeine Fragen,Wo finde ich die Einstellungen für mein Konto?
Technische Probleme,Wie kann ich meinen Router neu starten?
Technische Probleme,Wo finde ich die Datenschutzeinstellungen?
Technische Probleme,Warum startet mein Computer nicht?
Technische Probleme,Wie kann ich meinen Account reaktivieren?
Technische Probleme,"Mein Bildschirm flackert, was kann ich tun?"
Technische Probleme,Wo finde ich die Einstellungen für mein Konto?
Technische Probleme,Wie behebe ich einen Bluescreen-Fehler?
Allgemeine Fragen,Wie aktiviere ich die Zwei-Faktor-Authentifizierung?
Technische Probleme,Warum funktioniert meine Internetverbindung nicht?
Technische Probleme,Wie kann ich mein Passwort ändern?
Technische Probleme,Warum ist mein Computer so langsam?
Technische Probleme,Wie melde ich mich von allen Geräten ab?
Technische Probleme,Wie kann ich meinen Browser-Cache leeren?
Allgemeine Fragen,Wie kann ich mein Konto löschen?
Technische Probleme,Wie kann ich meinen Browser-Cache leeren?
Technische Probleme,Wo finde ich die Einstellungen für mein Konto?
Technische Probleme,Wie kann ich meinen Router neu starten?
Allgemeine Fragen,Wie melde ich mich von allen Geräten ab?
Allgemeine Fragen,Wie behebe ich einen Bluescreen-Fehler?
Technische Probleme,Wie kann ich mein Konto löschen?
Technische Probleme,"Mein Bildschirm flackert, was kann ich tun?"
Allgemeine Fragen,Wie kann ich meine Benachrichtigungen anpassen?
Technische Probleme,"Mein Drucker druckt nicht, was soll ich tun?"
Allgemeine Fragen,Wie kann ich meine Benachrichtigungen anpassen?
Allgemeine Fragen,"Mein Drucker druckt nicht, was soll ich tun?"
Technische Probleme,Wie kann ich meine Benachrichtigungen anpassen?
Allgemeine Fragen,Wie kann ich meinen Browser-Cache leeren?
Allgemeine Fragen,Wo finde ich die Datenschutzeinstellungen?
Allgemeine Fragen,Wie kann ich meinen Browser-Cache leeren?
Technische Probleme,Wie überprüfe ich den Speicherplatz auf meinem Gerät?
Technische Probleme,Wie kann ich meinen Router neu starten?
Allgemeine Fragen,Wie melde ich mich von allen Geräten ab?
Allgemeine Fragen,"Mein Bildschirm flackert, was kann ich tun?"
Allgemeine Fragen,Wie kann ich mein Konto löschen?
Technische Probleme,Warum startet mein Computer nicht?
Technische Probleme,Wie kann ich meine Benachrichtigungen anpassen?
Allgemeine Fragen,Wie kann ich meinen Browser-Cache leeren?
Allgemeine Fragen,Wie kann ich meinen Account reaktivieren?
Allgemeine Fragen,"Mein Bildschirm flackert, was kann ich tun?"
Allgemeine Fragen,Wie überprüfe ich den Speicherplatz auf meinem Gerät?
Allgemeine Fragen,Warum ist mein Computer so langsam?
Technische Probleme,Kann ich meinen Benutzernamen ändern?
Allgemeine Fragen,Warum funktioniert meine Internetverbindung nicht?
Allgemeine Fragen,Wie kann ich mein Konto löschen?
Technische Probleme,"Mein Drucker druckt nicht, was soll ich tun?"
Allgemeine Fragen,Wie kann ich meine Benachrichtigungen anpassen?
Technische Probleme,"Mein Bildschirm flackert, was kann ich tun?"
Allgemeine Fragen,Wie überprüfe ich den Speicherplatz auf meinem Gerät?
Technische Probleme,Wie behebe ich einen Bluescreen-Fehler?
Allgemeine Fragen,Kann ich meinen Benutzernamen ändern?
Allgemeine Fragen,Wie kann ich meinen Browser-Cache leeren?
Allgemeine Fragen,Kann ich meinen Benutzernamen ändern?
Technische Probleme,"Mein Drucker druckt nicht, was soll ich tun?"
Technische Probleme,Wie überprüfe ich den Speicherplatz auf meinem Gerät?
Allgemeine Fragen,Warum startet mein Computer nicht?
Allgemeine Fragen,Wo finde ich die Datenschutzeinstellungen?
Technische Probleme,Warum startet mein Computer nicht?
Allgemeine Fragen,Wie kann ich meinen Account reaktivieren?
Allgemeine Fragen,Warum funktioniert meine Internetverbindung nicht?
Technische Probleme,Wie kann ich meinen Account reaktivieren?
Allgemeine Fragen,"Mein Bildschirm flackert, was kann ich tun?"
Allgemeine Fragen,Kann ich meinen Benutzernamen ändern?
Allgemeine Fragen,Warum ist mein Computer so langsam?
Allgemeine Fragen,Wo finde ich die Datenschutzeinstellungen?
Technische Probleme,Warum kann ich keine Dateien herunterladen?
Allgemeine Fragen,Wie kann ich meine Benachrichtigungen anpassen?
Technische Probleme,Wie kann ich meinen Router neu starten?
Technische Probleme,Wie kann ich mein Konto löschen?
Allgemeine Fragen,"Mein Bildschirm flackert, was kann ich tun?"
Allgemeine Fragen,Wie kann ich mein Konto löschen?
Allgemeine Fragen,Wie kann ich meinen Router neu starten?
Technische Probleme,Wo finde ich die Einstellungen für mein Konto?
Technische Probleme,Warum startet mein Computer nicht?
Technische Probleme,Wie kann ich meinen Account reaktivieren?
Allgemeine Fragen,Warum ist mein Computer so langsam?
Technische Probleme,Wie kann ich meine Benachrichtigungen anpassen?
Technische Probleme,Warum kann ich keine Dateien herunterladen?
Technische Probleme,Wie kann ich mein Konto löschen?
Allgemeine Fragen,Warum kann ich keine Dateien herunterladen?
Technische Probleme,Wie kann ich meinen Account reaktivieren?
Allgemeine Fragen,Wie behebe ich eine langsame WLAN-Verbindung?
Technische Probleme,Wie überprüfe ich den Speicherplatz auf meinem Gerät?
Allgemeine Fragen,Warum funktioniert meine Internetverbindung nicht?
Technische Probleme,Wie aktiviere ich die Zwei-Faktor-Authentifizierung?
Allgemeine Fragen,Wie behebe ich einen Bluescreen-Fehler?
Allgemeine Fragen,Wie melde ich mich von allen Geräten ab?
Allgemeine Fragen,Warum startet mein Computer nicht?
Technische Probleme,Wo finde ich die Einstellungen für mein Konto?
Technische Probleme,Wie kann ich meinen Browser-Cache leeren?
Allgemeine Fragen,Wie kann ich mein Passwort ändern?
Allgemeine Fragen,"Mein Bildschirm flackert, was kann ich tun?"
Allgemeine Fragen,Wie kann ich mein Konto löschen?
Technische Probleme,Wie behebe ich eine langsame WLAN-Verbindung?
Allgemeine Fragen,Wie kann ich meinen Account reaktivieren?
Technische Probleme,Warum ist mein Computer so langsam?
Technische Probleme,Wie kann ich mein Passwort ändern?
Technische Probleme,Warum kann ich keine Dateien herunterladen?
Allgemeine Fragen,Wie überprüfe ich den Speicherplatz auf meinem Gerät?
Technische Probleme,Warum kann ich keine Dateien herunterladen?
Technische Probleme,Wo finde ich die Einstellungen für mein Konto?
Allgemeine Fragen,"Mein Drucker druckt nicht, was soll ich tun?"
Allgemeine Fragen,Wo finde ich die Datenschutzeinstellungen?
Technische Probleme,Warum kann ich keine Dateien herunterladen?
Technische Probleme,Wie überprüfe ich den Speicherplatz auf meinem Gerät?
Technische Probleme,Warum funktioniert meine Internetverbindung nicht?
Technische Probleme,Wo finde ich die Einstellungen für mein Konto?
Allgemeine Fragen,"Mein Bildschirm flackert, was kann ich tun?"
Technische Probleme,Wie kann ich mein Konto löschen?
Technische Probleme,Wie kann ich meinen Browser-Cache leeren?
Technische Probleme,Wie aktiviere ich die Zwei-Faktor-Authentifizierung?
Technische Probleme,Warum startet mein Computer nicht?
Allgemeine Fragen,Wie melde ich mich von allen Geräten ab?
Technische Probleme,Warum funktioniert meine Internetverbindung nicht?
Technische Probleme,Wie melde ich mich von allen Geräten ab?
Technische Probleme,Warum funktioniert meine Internetverbindung nicht?
Technische Probleme,Wo finde ich die Einstellungen für mein Konto?
Allgemeine Fragen,Wie behebe ich eine langsame WLAN-Verbindung?
Technische Probleme,Wie melde ich mich von allen Geräten ab?
Technische Probleme,Wie behebe ich einen Bluescreen-Fehler?
Technische Probleme,Wie kann ich mein Passwort ändern?
Technische Probleme,Wie behebe ich eine langsame WLAN-Verbindung?
Allgemeine Fragen,Wie melde ich mich von allen Geräten ab?
Allgemeine Fragen,"Mein Drucker druckt nicht, was soll ich tun?"
Allgemeine Fragen,Wie kann ich meinen Account reaktivieren?
Technische Probleme,Wie kann ich meinen Browser-Cache leeren?
Allgemeine Fragen,Wie überprüfe ich den Speicherplatz auf meinem Gerät?
Technische Probleme,Wie behebe ich einen Bluescreen-Fehler?
Technische Probleme,Wie überprüfe ich den Speicherplatz auf meinem Gerät?
Allgemeine Fragen,"Mein Bildschirm flackert, was kann ich tun?"
Allgemeine Fragen,Wie melde ich mich von allen Geräten ab?
Technische Probleme,Warum funktioniert meine Internetverbindung nicht?
Allgemeine Fragen,Wie kann ich mein Konto löschen?
Technische Probleme,Wie kann ich meinen Browser-Cache leeren?
Allgemeine Fragen,Wie kann ich mein Konto löschen?
Allgemeine Fragen,"Mein Bildschirm flackert, was kann ich tun?"
Allgemeine Fragen,Wie kann ich mein Konto löschen?
Technische Probleme,Warum startet mein Computer nicht?
Technische Probleme,Kann ich meinen Benutzernamen ändern?
Allgemeine Fragen,Wie behebe ich einen Bluescreen-Fehler?
Allgemeine Fragen,Wie kann ich mein Passwort ändern?
Allgemeine Fragen,Warum startet mein Computer nicht?
Technische Probleme,Wie kann ich meinen Account reaktivieren?
Allgemeine Fragen,Wie behebe ich einen Bluescreen-Fehler?
Allgemeine Fragen,Wo finde ich die Einstellungen für mein Konto?
Allgemeine Fragen,Wie behebe ich eine langsame WLAN-Verbindung?
Allgemeine Fragen,Wie aktiviere ich die Zwei-Faktor-Authentifizierung?
Allgemeine Fragen,Warum ist mein Computer so langsam?
Technische Probleme,Wo finde ich die Einstellungen für mein Konto?
Technische Probleme,Warum funktioniert meine Internetverbindung nicht?
Technische Probleme,Wie kann ich meinen Account reaktivieren?
Technische Probleme,Wie kann ich meinen Browser-Cache leeren?
Allgemeine Fragen,Kann ich meinen Benutzernamen ändern?
Allgemeine Fragen,"Mein Drucker druckt nicht, was soll ich tun?"
Technische Probleme,Wie kann ich meinen Account reaktivieren?
Technische Probleme,"Mein Drucker druckt nicht, was soll ich tun?"
Allgemeine Fragen,Kann ich meinen Benutzernamen ändern?
Allgemeine Fragen,"Mein Drucker druckt nicht, was soll ich tun?"
Allgemeine Fragen,Wo finde ich die Einstellungen für mein Konto?
Technische Probleme,Wie kann ich meinen Browser-Cache leeren?
Allgemeine Fragen,Wie aktiviere ich die Zwei-Faktor-Authentifizierung?
Allgemeine Fragen,Wie behebe ich eine langsame WLAN-Verbindung?
Allgemeine Fragen,Wie kann ich meinen Account reaktivieren?
Technische Probleme,Wie behebe ich einen Bluescreen-Fehler?
Technische Probleme,Wie melde ich mich von allen Geräten ab?
Technische Probleme,Wie behebe ich einen Bluescreen-Fehler?
Allgemeine Fragen,Wie melde ich mich von allen Geräten ab?
Allgemeine Fragen,Wie kann ich meinen Router neu starten?
Technische Probleme,Wo finde ich die Datenschutzeinstellungen?
Technische Probleme,Warum kann ich keine Dateien herunterladen?
Technische Probleme,Wie aktiviere ich die Zwei-Faktor-Authentifizierung?
Allgemeine Fragen,"Mein Bildschirm flackert, was kann ich tun?"
Technische Probleme,Wie kann ich meinen Account reaktivieren?
Technische Probleme,Wie behebe ich eine langsame WLAN-Verbindung?
Technische Probleme,Wie kann ich mein Passwort ändern?
Allgemeine Fragen,"Mein Bildschirm flackert, was kann ich tun?"
Allgemeine Fragen,Wie melde ich mich von allen Geräten ab?
Allgemeine Fragen,"Mein Bildschirm flackert, was kann ich tun?"
Allgemeine Fragen,Kann ich meinen Benutzernamen ändern?
Technische Probleme,Warum ist mein Computer so langsam?
Technische Probleme,Wie aktiviere ich die Zwei-Faktor-Authentifizierung?
Technische Probleme,Warum funktioniert meine Internetverbindung nicht?
Technische Probleme,Kann ich meinen Benutzernamen ändern?
Allgemeine Fragen,Wie kann ich meinen Router neu starten?
Technische Probleme,Wie kann ich meinen Account reaktivieren?
Technische Probleme,Wie behebe ich einen Bluescreen-Fehler?
Technische Probleme,Wo finde ich die Einstellungen für mein Konto?
Allgemeine Fragen,"Mein Drucker druckt nicht, was soll ich tun?"
Allgemeine Fragen,Wie kann ich mein Passwort ändern?
Technische Probleme,Wie behebe ich einen Bluescreen-Fehler?
Technische Probleme,Wie kann ich meinen Account reaktivieren?
Allgemeine Fragen,"Mein Bildschirm flackert, was kann ich tun?"
Technische Probleme,Wo finde ich die Einstellungen für mein Konto?
Technische Probleme,Wie behebe ich eine langsame WLAN-Verbindung?
Allgemeine Fragen,Wie überprüfe ich den Speicherplatz auf meinem Gerät?
Technische Probleme,Wie kann ich meinen Browser-Cache leeren?
Technische Probleme,Wie kann ich meinen Account reaktivieren?
Technische Probleme,Warum funktioniert meine Internetverbindung nicht?
Technische Probleme,Wie melde ich mich von allen Geräten ab?
Allgemeine Fragen,Wie kann ich meinen Router neu starten?
Allgemeine Fragen,Wie überprüfe ich den Speicherplatz auf meinem Gerät?
Technische Probleme,Wie behebe ich einen Bluescreen-Fehler?
Technische Probleme,Wie kann ich mein Konto löschen?
Allgemeine Fragen,Warum funktioniert meine Internetverbindung nicht?
Allgemeine Fragen,Wo finde ich die Einstellungen für mein Konto?
Technische Probleme,Warum startet mein Computer nicht?
Allgemeine Fragen,Kann ich meinen Benutzernamen ändern?
Allgemeine Fragen,Wie behebe ich einen Bluescreen-Fehler?
Allgemeine Fragen,Wie kann ich mein Passwort ändern?
Technische Probleme,Warum funktioniert meine Internetverbindung nicht?
Allgemeine Fragen,Kann ich meinen Benutzernamen ändern?
Allgemeine Fragen,Warum kann ich keine Dateien herunterladen?
Technische Probleme,Wie kann ich mein Passwort ändern?
Allgemeine Fragen,Wie kann ich meinen Router neu starten?
Allgemeine Fragen,Wie kann ich meine Benachrichtigungen anpassen?
Technische Probleme,Wie behebe ich einen Bluescreen-Fehler?
Technische Probleme,Wie kann ich meinen Account reaktivieren?
Technische Probleme,Wie kann ich meinen Browser-Cache leeren?
Allgemeine Fragen,Wie kann ich meine Benachrichtigungen anpassen?
Allgemeine Fragen,Wie behebe ich eine langsame WLAN-Verbindung?
Allgemeine Fragen,Wie überprüfe ich den Speicherplatz auf meinem Gerät?
Allgemeine Fragen,Warum kann ich keine Dateien herunterladen?
Allgemeine Fragen,Wie kann ich meinen Account reaktivieren?
Technische Probleme,Wie kann ich meinen Browser-Cache leeren?
Allgemeine Fragen,Wie überprüfe ich den Speicherplatz auf meinem Gerät?
Technische Probleme,Wie kann ich meinen Browser-Cache leeren?
Allgemeine Fragen,Kann ich meinen Benutzernamen ändern?
Technische Probleme,"Mein Bildschirm flackert, was kann ich tun?"
Technische Probleme,Wie überprüfe ich den Speicherplatz auf meinem Gerät?
Technische Probleme,Warum kann ich keine Dateien herunterladen?
Technische Probleme,Wie aktiviere ich die Zwei-Faktor-Authentifizierung?
Technische Probleme,Wie behebe ich eine langsame WLAN-Verbindung?
Technische Probleme,Wie überprüfe ich den Speicherplatz auf meinem Gerät?
Allgemeine Fragen,"Mein Bildschirm flackert, was kann ich tun?"
Technische Probleme,Wie aktiviere ich die Zwei-Faktor-Authentifizierung?
Allgemeine Fragen,Wie kann ich meinen Browser-Cache leeren?
Technische Probleme,Wie aktiviere ich die Zwei-Faktor-Authentifizierung?
Allgemeine Fragen,Wie kann ich meinen Browser-Cache leeren?
Technische Probleme,Wie kann ich meine Benachrichtigungen anpassen?
Technische Probleme,"Mein Bildschirm flackert, was kann ich tun?"
Allgemeine Fragen,Wie aktiviere ich die Zwei-Faktor-Authentifizierung?
Technische Probleme,Wie kann ich meinen Browser-Cache leeren?
Allgemeine Fragen,Wie kann ich mein Passwort ändern?
Allgemeine Fragen,Warum kann ich keine Dateien herunterladen?
Technische Probleme,Wie kann ich mein Konto löschen?
Technische Probleme,Warum funktioniert meine Internetverbindung nicht?
Allgemeine Fragen,Wo finde ich die Einstellungen für mein Konto?
Technische Probleme,Warum funktioniert meine Internetverbindung nicht?
Allgemeine Fragen,Wo finde ich die Datenschutzeinstellungen?
Technische Probleme,Wie behebe ich eine langsame WLAN-Verbindung?
Technische Probleme,Kann ich meinen Benutzernamen ändern?
Technische Probleme,Warum ist mein Computer so langsam?
Technische Probleme,Kann ich meinen Benutzernamen ändern?
Allgemeine Fragen,Warum kann ich keine Dateien herunterladen?
Allgemeine Fragen,Wie überprüfe ich den Speicherplatz auf meinem Gerät?
Allgemeine Fragen,Wie kann ich meinen Browser-Cache leeren?
Technische Probleme,Wie kann ich meinen Account reaktivieren?
Technische Probleme,Wie kann ich meinen Browser-Cache leeren?
Allgemeine Fragen,Wie kann ich meine Benachrichtigungen anpassen?
Allgemeine Fragen,Warum ist mein Computer so langsam?
Allgemeine Fragen,Wie kann ich mein Passwort ändern?
Technische Probleme,Wie kann ich meinen Router neu starten?
Technische Probleme,Wie überprüfe ich den Speicherplatz auf meinem Gerät?
Technische Probleme,"Mein Bildschirm flackert, was kann ich tun?"
Technische Probleme,Wie kann ich mein Passwort ändern?
Allgemeine Fragen,"Mein Drucker druckt nicht, was soll ich tun?"
Allgemeine Fragen,Wie kann ich mein Konto löschen?
Technische Probleme,Wie kann ich meinen Browser-Cache leeren?
Allgemeine Fragen,Wie melde ich mich von allen Geräten ab?
Technische Probleme,Warum ist mein Computer so langsam?
Technische Probleme,Wo finde ich die Datenschutzeinstellungen?
Technische Probleme,Wie behebe ich einen Bluescreen-Fehler?
Technische Probleme,Wie kann ich meine Benachrichtigungen anpassen?
Technische Probleme,"Mein Bildschirm flackert, was kann ich tun?"
Technische Probleme,Kann ich meinen Benutzernamen ändern?
Technische Probleme,Warum startet mein Computer nicht?
Allgemeine Fragen,Wie kann ich meine Benachrichtigungen anpassen?
Technische Probleme,Warum funktioniert meine Internetverbindung nicht?
Allgemeine Fragen,Wie überprüfe ich den Speicherplatz auf meinem Gerät?
Allgemeine Fragen,Wie behebe ich einen Bluescreen-Fehler?
Allgemeine Fragen,Wie kann ich meine Benachrichtigungen anpassen?
Technische Probleme,Wie kann ich meinen Browser-Cache leeren?
Technische Probleme,Wie kann ich mein Passwort ändern?
Allgemeine Fragen,"Mein Bildschirm flackert, was kann ich tun?"
Allgemeine Fragen,Wie kann ich mein Passwort ändern?
Technische Probleme,Wie kann ich meinen Browser-Cache leeren?
Allgemeine Fragen,Wie kann ich meine Benachrichtigungen anpassen?
Allgemeine Fragen,Warum ist mein Computer so langsam?
Allgemeine Fragen,Wie melde ich mich von allen Geräten ab?
Allgemeine Fragen,Warum ist mein Computer so langsam?
Technische Probleme,Wie aktiviere ich die Zwei-Faktor-Authentifizierung?
Technische Probleme,Warum kann ich keine Dateien herunterladen?
Technische Probleme,Wie aktiviere ich die Zwei-Faktor-Authentifizierung?
Allgemeine Fragen,Warum kann ich keine Dateien herunterladen?
Allgemeine Fragen,Wie kann ich meinen Account reaktivieren?
Allgemeine Fragen,Warum kann ich keine Dateien herunterladen?
Technische Probleme,Wie kann ich meinen Account reaktivieren?
Technische Probleme,"Mein Drucker druckt nicht, was soll ich tun?"
Allgemeine Fragen,Wie melde ich mich von allen Geräten ab?
Technische Probleme,Wie kann ich meinen Browser-Cache leeren?
Technische Probleme,Wie melde ich mich von allen Geräten ab?
Allgemeine Fragen,Warum ist mein Computer so langsam?
Technische Probleme,Wie kann ich meine Benachrichtigungen anpassen?
Technische Probleme,Wie kann ich meinen Browser-Cache leeren?
Allgemeine Fragen,Wie kann ich meinen Account reaktivieren?
Technische Probleme,Warum ist mein Computer so langsam?
Allgemeine Fragen,Wie kann ich mein Passwort ändern?
Technische Probleme,Wie behebe ich eine langsame WLAN-Verbindung?
Technische Probleme,Wie kann ich meinen Account reaktivieren?
Technische Probleme,Warum funktioniert meine Internetverbindung nicht?
Allgemeine Fragen,Wie überprüfe ich den Speicherplatz auf meinem Gerät?
Allgemeine Fragen,Warum funktioniert meine Internetverbindung nicht?
Allgemeine Fragen,Wo finde ich die Datenschutzeinstellungen?
Allgemeine Fragen,Wie behebe ich eine langsame WLAN-Verbindung?
Technische Probleme,Wie melde ich mich von allen Geräten ab?
Technische Probleme,"Mein Drucker druckt nicht, was soll ich tun?"
Allgemeine Fragen,Wie kann ich mein Passwort ändern?
Technische Probleme,Warum kann ich keine Dateien herunterladen?
Allgemeine Fragen,Wie kann ich meine Benachrichtigungen anpassen?
Allgemeine Fragen,Wie behebe ich einen Bluescreen-Fehler?
Technische Probleme,Wo finde ich die Datenschutzeinstellungen?
Technische Probleme,"Mein Bildschirm flackert, was kann ich tun?"
Allgemeine Fragen,Wie kann ich mein Konto löschen?
Technische Probleme,Wie behebe ich eine langsame WLAN-Verbindung?
Allgemeine Fragen,Wie kann ich meinen Account reaktivieren?
Technische Probleme,Wie behebe ich einen Bluescreen-Fehler?
Technische Probleme,Wie kann ich mein Passwort ändern?
Technische Probleme,Warum kann ich keine Dateien herunterladen?
Technische Probleme,Wo finde ich die Datenschutzeinstellungen?
Technische Probleme,Warum startet mein Computer nicht?
Allgemeine Fragen,Kann ich meinen Benutzernamen ändern?
Allgemeine Fragen,Warum startet mein Computer nicht?
Allgemeine Fragen,Wie aktiviere ich die Zwei-Faktor-Authentifizierung?
Allgemeine Fragen,Wie behebe ich einen Bluescreen-Fehler?
Allgemeine Fragen,Wie kann ich meinen Account reaktivieren?
Allgemeine Fragen,Wie kann ich meinen Browser-Cache leeren?
Allgemeine Fragen,Wie aktiviere ich die Zwei-Faktor-Authentifizierung?
Technische Probleme,Warum kann ich keine Dateien herunterladen?
Technische Probleme,Wie kann ich meinen Account reaktivieren?
Technische Probleme,Warum ist mein Computer so langsam?
Allgemeine Fragen,Wo finde ich die Datenschutzeinstellungen?
Allgemeine Fragen,Wie behebe ich einen Bluescreen-Fehler?
Technische Probleme,Wo finde ich die Einstellungen für mein Konto?
Allgemeine Fragen,Wie behebe ich einen Bluescreen-Fehler?
Technische Probleme,Kann ich meinen Benutzernamen ändern?
Technische Probleme,Wie behebe ich einen Bluescreen-Fehler?
Technische Probleme,Wie melde ich mich von allen Geräten ab?
Technische Probleme,Warum kann ich keine Dateien herunterladen?
Allgemeine Fragen,Wo finde ich die Datenschutzeinstellungen?
Technische Probleme,Wie kann ich meinen Browser-Cache leeren?
Technische Probleme,Wie kann ich meinen Account reaktivieren?
Allgemeine Fragen,"Mein Drucker druckt nicht, was soll ich tun?"
Allgemeine Fragen,Wie kann ich meinen Account reaktivieren?
Allgemeine Fragen,Wie kann ich meinen Browser-Cache leeren?
Technische Probleme,Wo finde ich die Datenschutzeinstellungen?
Technische Probleme,Wie behebe ich eine langsame WLAN-Verbindung?
Allgemeine Fragen,Wie kann ich meinen Account reaktivieren?
Technische Probleme,Wie kann ich meinen Router neu starten?
Technische Probleme,Wie aktiviere ich die Zwei-Faktor-Authentifizierung?
Technische Probleme,Warum startet mein Computer nicht?
Technische Probleme,Wie kann ich mein Passwort ändern?
Technische Probleme,Warum startet mein Computer nicht?
Allgemeine Fragen,Wie kann ich meinen Account reaktivieren?
Allgemeine Fragen,Wie behebe ich eine langsame WLAN-Verbindung?
Allgemeine Fragen,Wie kann ich meinen Account reaktivieren?
Technische Probleme,"Mein Bildschirm flackert, was kann ich tun?"
Technische Probleme,Wie kann ich meinen Account reaktivieren?
Technische Probleme,Wie kann ich meinen Router neu starten?
Allgemeine Fragen,Wie kann ich meine Benachrichtigungen anpassen?
Allgemeine Fragen,Warum ist mein Computer so langsam?
Allgemeine Fragen,Wie aktiviere ich die Zwei-Faktor-Authentifizierung?
Technische Probleme,Warum kann ich keine Dateien herunterladen?
Allgemeine Fragen,Wie kann ich mein Passwort ändern?
Allgemeine Fragen,Warum ist mein Computer so langsam?
Technische Probleme,Kann ich meinen Benutzernamen ändern?
Technische Probleme,Wie behebe ich eine langsame WLAN-Verbindung?
Allgemeine Fragen,Wie kann ich meine Benachrichtigungen anpassen?
Allgemeine Fragen,Wie kann ich meinen Router neu starten?
Technische Probleme,Wie überprüfe ich den Speicherplatz auf meinem Gerät?
Allgemeine Fragen,"Mein Bildschirm flackert, was kann ich tun?"
Allgemeine Fragen,Wie aktiviere ich die Zwei-Faktor-Authentifizierung?
Allgemeine Fragen,"Mein Drucker druckt nicht, was soll ich tun?"
Technische Probleme,Wie kann ich mein Passwort ändern?
Technische Probleme,"Mein Bildschirm flackert, was kann ich tun?"
Allgemeine Fragen,Wie überprüfe ich den Speicherplatz auf meinem Gerät?
Allgemeine Fragen,Warum startet mein Computer nicht?
Allgemeine Fragen,Wie kann ich meinen Account reaktivieren?
Allgemeine Fragen,"Mein Bildschirm flackert, was kann ich tun?"
Technische Probleme,Wie überprüfe ich den Speicherplatz auf meinem Gerät?
Technische Probleme,Wie behebe ich eine langsame WLAN-Verbindung?
Allgemeine Fragen,Kann ich meinen Benutzernamen ändern?
Allgemeine Fragen,Wie behebe ich einen Bluescreen-Fehler?
Technische Probleme,Kann ich meinen Benutzernamen ändern?
Technische Probleme,"Mein Drucker druckt nicht, was soll ich tun?"
Technische Probleme,Wo finde ich die Einstellungen für mein Konto?
Allgemeine Fragen,Warum startet mein Computer nicht?
Allgemeine Fragen,Wie melde ich mich von allen Geräten ab?
Allgemeine Fragen,Wie kann ich meinen Router neu starten?
Allgemeine Fragen,Kann ich meinen Benutzernamen ändern?
Allgemeine Fragen,Wie behebe ich eine langsame WLAN-Verbindung?
Technische Probleme,Wie überprüfe ich den Speicherplatz auf meinem Gerät?
Allgemeine Fragen,Wie behebe ich einen Bluescreen-Fehler?
Technische Probleme,Wo finde ich die Einstellungen für mein Konto?
Technische Probleme,Warum startet mein Computer nicht?
Technische Probleme,Wie kann ich meinen Account reaktivieren?
Technische Probleme,Wie kann ich meinen Browser-Cache leeren?
Allgemeine Fragen,Wie kann ich mein Passwort ändern?
Allgemeine Fragen,Warum funktioniert meine Internetverbindung nicht?
Allgemeine Fragen,Wo finde ich die Datenschutzeinstellungen?
Technische Probleme,"Mein Drucker druckt nicht, was soll ich tun?"
Allgemeine Fragen,Wo finde ich die Einstellungen für mein Konto?
Technische Probleme,Wie kann ich meinen Browser-Cache leeren?
Allgemeine Fragen,Wie melde ich mich von allen Geräten ab?
Technische Probleme,Wie behebe ich einen Bluescreen-Fehler?
Technische Probleme,Wie kann ich meine Benachrichtigungen anpassen?
Technische Probleme,Wie kann ich meinen Router neu starten?
Allgemeine Fragen,Wie kann ich mein Passwort ändern?
Technische Probleme,Wie behebe ich eine langsame WLAN-Verbindung?
Technische Probleme,Wie aktiviere ich die Zwei-Faktor-Authentifizierung?
Technische Probleme,Wie kann ich meinen Router neu starten?
Technische Probleme,Wie kann ich meine Benachrichtigungen anpassen?
Allgemeine Fragen,Warum startet mein Computer nicht?
Allgemeine Fragen,Wo finde ich die Einstellungen für mein Konto?
Technische Probleme,"Mein Drucker druckt nicht, was soll ich tun?"
Allgemeine Fragen,Wie kann ich meinen Account reaktivieren?
Technische Probleme,Wie kann ich meinen Browser-Cache leeren?
Technische Probleme,Wie kann ich meine Benachrichtigungen anpassen?
Allgemeine Fragen,Warum startet mein Computer nicht?
Allgemeine Fragen,Wie melde ich mich von allen Geräten ab?
Technische Probleme,"Mein Drucker druckt nicht, was soll ich tun?"
Technische Probleme,Wie kann ich meine Benachrichtigungen anpassen?
Allgemeine Fragen,"Mein Bildschirm flackert, was kann ich tun?"
Technische Probleme,Wie überprüfe ich den Speicherplatz auf meinem Gerät?
Technische Probleme,Warum kann ich keine Dateien herunterladen?
Allgemeine Fragen,Wie aktiviere ich die Zwei-Faktor-Authentifizierung?
Technische Probleme,"Mein Drucker druckt nicht, was soll ich tun?"
Technische Probleme,Wie kann ich meine Benachrichtigungen anpassen?
Technische Probleme,"Mein Bildschirm flackert, was kann ich tun?"
Allgemeine Fragen,Wie überprüfe ich den Speicherplatz auf meinem Gerät?
Allgemeine Fragen,Wie behebe ich eine langsame WLAN-Verbindung?
Technische Probleme,Wie aktiviere ich die Zwei-Faktor-Authentifizierung?
Allgemeine Fragen,Warum ist mein Computer so langsam?
Allgemeine Fragen,Wo finde ich die Datenschutzeinstellungen?
Allgemeine Fragen,Wie behebe ich eine langsame WLAN-Verbindung?
Technische Probleme,Wie kann ich mein Konto löschen?
Technische Probleme,Warum funktioniert meine Internetverbindung nicht?
Allgemeine Fragen,Wie überprüfe ich den Speicherplatz auf meinem Gerät?
Technische Probleme,"Mein Bildschirm flackert, was kann ich tun?"
Allgemeine Fragen,Wie aktiviere ich die Zwei-Faktor-Authentifizierung?
Technische Probleme,Warum ist mein Computer so langsam?
Technische Probleme,Wie überprüfe ich den Speicherplatz auf meinem Gerät?
Technische Probleme,Wie behebe ich einen Bluescreen-Fehler?
Technische Probleme,Wie melde ich mich von allen Geräten ab?
Technische Probleme,Warum kann ich keine Dateien herunterladen?
Technische Probleme,Wie aktiviere ich die Zwei-Faktor-Authentifizierung?
Allgemeine Fragen,Wie behebe ich eine langsame WLAN-Verbindung?
Allgemeine Fragen,Kann ich meinen Benutzernamen ändern?
Allgemeine Fragen,"Mein Drucker druckt nicht, was soll ich tun?"
Technische Probleme,Wo finde ich die Datenschutzeinstellungen?
Allgemeine Fragen,Warum startet mein Computer nicht?
Allgemeine Fragen,Wie aktiviere ich die Zwei-Faktor-Authentifizierung?
Allgemeine Fragen,Warum funktioniert meine Internetverbindung nicht?
Allgemeine Fragen,Wie kann ich mein Konto löschen?
Allgemeine Fragen,"Mein Bildschirm flackert, was kann ich tun?"
Technische Probleme,Wie kann ich meinen Account reaktivieren?
Technische Probleme,Warum funktioniert meine Internetverbindung nicht?
Technische Probleme,Wo finde ich die Datenschutzeinstellungen?
Allgemeine Fragen,Wie behebe ich einen Bluescreen-Fehler?
Allgemeine Fragen,Wie kann ich mein Konto löschen?
Technische Probleme,Wie behebe ich einen Bluescreen-Fehler?
Technische Probleme,Wie überprüfe ich den Speicherplatz auf meinem Gerät?
Technische Probleme,Wie behebe ich einen Bluescreen-Fehler?
Allgemeine Fragen,Kann ich meinen Benutzernamen ändern?
Technische Probleme,Warum kann ich keine Dateien herunterladen?
Technische Probleme,Wo finde ich die Datenschutzeinstellungen?
Allgemeine Fragen,Wie kann ich meinen Router neu starten?
Technische Probleme,Kann ich meinen Benutzernamen ändern?
Allgemeine Fragen,Warum startet mein Computer nicht?
Technische Probleme,Wie melde ich mich von allen Geräten ab?
Allgemeine Fragen,Wie behebe ich eine langsame WLAN-Verbindung?
Allgemeine Fragen,Wie kann ich mein Konto löschen?
Technische Probleme,"Mein Bildschirm flackert, was kann ich tun?"
Allgemeine Fragen,Wo finde ich die Datenschutzeinstellungen?
Technische Probleme,Warum funktioniert meine Internetverbindung nicht?
Allgemeine Fragen,Wie kann ich meine Benachrichtigungen anpassen?
Allgemeine Fragen,Warum funktioniert meine Internetverbindung nicht?
Technische Probleme,Wo finde ich die Datenschutzeinstellungen?
Allgemeine Fragen,Wie kann ich meinen Router neu starten?
Technische Probleme,Wie aktiviere ich die Zwei-Faktor-Authentifizierung?
Technische Probleme,Wie behebe ich eine langsame WLAN-Verbindung?
Technische Probleme,Wie kann ich mein Konto löschen?
Allgemeine Fragen,Wie behebe ich eine langsame WLAN-Verbindung?
Allgemeine Fragen,Wie kann ich meine Benachrichtigungen anpassen?
Technische Probleme,Wie kann ich meinen Browser-Cache leeren?
Allgemeine Fragen,Wo finde ich die Einstellungen für mein Konto?
Allgemeine Fragen,"Mein Bildschirm flackert, was kann ich tun?"
Allgemeine Fragen,Kann ich meinen Benutzernamen ändern?
Technische Probleme,Wie behebe ich eine langsame WLAN-Verbindung?
Allgemeine Fragen,Wie kann ich mein Passwort ändern?
Technische Probleme,Warum ist mein Computer so langsam?
Allgemeine Fragen,Wo finde ich die Datenschutzeinstellungen?
Technische Probleme,Warum kann ich keine Dateien herunterladen?
Technische Probleme,Wo finde ich die Datenschutzeinstellungen?
Technische Probleme,Warum kann ich keine Dateien herunterladen?
Allgemeine Fragen,Wie kann ich mein Konto löschen?
Allgemeine Fragen,Warum ist mein Computer so langsam?
Allgemeine Fragen,Wie melde ich mich von allen Geräten ab?
Allgemeine Fragen,Warum ist mein Computer so langsam?
Technische Probleme,Wie kann ich mein Konto löschen?
Technische Probleme,Wie behebe ich eine langsame WLAN-Verbindung?
Allgemeine Fragen,Wie kann ich meine Benachrichtigungen anpassen?
Technische Probleme,Wie kann ich meinen Browser-Cache leeren?
Technische Probleme,Kann ich meinen Benutzernamen ändern?
Technische Probleme,Warum startet mein Computer nicht?
Allgemeine Fragen,Wo finde ich die Datenschutzeinstellungen?
Technische Probleme,"Mein Drucker druckt nicht, was soll ich tun?"
Allgemeine Fragen,Wie aktiviere ich die Zwei-Faktor-Authentifizierung?
Technische Probleme,"Mein Drucker druckt nicht, was soll ich tun?"
Technische Probleme,Wie kann ich meine Benachrichtigungen anpassen?
Technische Probleme,Warum funktioniert meine Internetverbindung nicht?
Technische Probleme,Wo finde ich die Einstellungen für mein Konto?
Technische Probleme,Warum startet mein Computer nicht?
Technische Probleme,Wie überprüfe ich den Speicherplatz auf meinem Gerät?
Allgemeine Fragen,Wie behebe ich einen Bluescreen-Fehler?
Technische Probleme,Wie kann ich meinen Account reaktivieren?
Allgemeine Fragen,Warum ist mein Computer so langsam?
Allgemeine Fragen,Wo finde ich die Datenschutzeinstellungen?
Allgemeine Fragen,"Mein Bildschirm flackert, was kann ich tun?"
Technische Probleme,Wo finde ich die Datenschutzeinstellungen?
Allgemeine Fragen,Wie kann ich meinen Browser-Cache leeren?
Allgemeine Fragen,Wie überprüfe ich den Speicherplatz auf meinem Gerät?
Technische Probleme,Wie behebe ich einen Bluescreen-Fehler?
Technische Probleme,Wie kann ich mein Passwort ändern?
Allgemeine Fragen,"Mein Bildschirm flackert, was kann ich tun?"
Technische Probleme,Wie kann ich meine Benachrichtigungen anpassen?
Allgemeine Fragen,Warum startet mein Computer nicht?
Allgemeine Fragen,Wo finde ich die Einstellungen für mein Konto?
Allgemeine Fragen,Wie behebe ich einen Bluescreen-Fehler?
Technische Probleme,Kann ich meinen Benutzernamen ändern?
Allgemeine Fragen,Wie kann ich meinen Router neu starten?
Allgemeine Fragen,Wie kann ich mein Passwort ändern?
Technische Probleme,"Mein Bildschirm flackert, was kann ich tun?"
Technische Probleme,Wie kann ich mein Passwort ändern?
Allgemeine Fragen,Warum ist mein Computer so langsam?
Allgemeine Fragen,Wie kann ich mein Konto löschen?
Technische Probleme,Warum ist mein Computer so langsam?
Technische Probleme,Wie überprüfe ich den Speicherplatz auf meinem Gerät?
Allgemeine Fragen,Wie behebe ich eine langsame WLAN-Verbindung?
Allgemeine Fragen,Kann ich meinen Benutzernamen ändern?
Allgemeine Fragen,"Mein Bildschirm flackert, was kann ich tun?"
Allgemeine Fragen,Kann ich meinen Benutzernamen ändern?
Allgemeine Fragen,"Mein Drucker druckt nicht, was soll ich tun?"
Technische Probleme,Wie kann ich mein Passwort ändern?
Allgemeine Fragen,Wie behebe ich eine langsame WLAN-Verbindung?
Technische Probleme,Wie melde ich mich von allen Geräten ab?
Allgemeine Fragen,Wie kann ich meinen Browser-Cache leeren?
Allgemeine Fragen,Wie aktiviere ich die Zwei-Faktor-Authentifizierung?
Technische Probleme,Wie behebe ich eine langsame WLAN-Verbindung?
Technische Probleme,Wie kann ich meinen Account reaktivieren?
Allgemeine Fragen,Wie kann ich meinen Router neu starten?
Technische Probleme,Wie kann ich mein Passwort ändern?
Technische Probleme,Warum startet mein Computer nicht?
Technische Probleme,Wo finde ich die Einstellungen für mein Konto?
Allgemeine Fragen,Warum startet mein Computer nicht?
Technische Probleme,Wie kann ich mein Passwort ändern?
Allgemeine Fragen,Warum startet mein Computer nicht?
Technische Probleme,Wie kann ich mein Konto löschen?
Allgemeine Fragen,"Mein Drucker druckt nicht, was soll ich tun?"
Allgemeine Fragen,Wie melde ich mich von allen Geräten ab?
Allgemeine Fragen,Wie kann ich meinen Router neu starten?
Allgemeine Fragen,Wie aktiviere ich die Zwei-Faktor-Authentifizierung?
Allgemeine Fragen,Warum funktioniert meine Internetverbindung nicht?
Allgemeine Fragen,Wo finde ich die Einstellungen für mein Konto?
Technische Probleme,Warum ist mein Computer so langsam?
Allgemeine Fragen,Wie aktiviere ich die Zwei-Faktor-Authentifizierung?
Allgemeine Fragen,"Mein Bildschirm flackert, was kann ich tun?"
Allgemeine Fragen,Wie kann ich meinen Account reaktivieren?
Allgemeine Fragen,Wie behebe ich eine langsame WLAN-Verbindung?
Allgemeine Fragen,Wie aktiviere ich die Zwei-Faktor-Authentifizierung?
Allgemeine Fragen,Warum startet mein Computer nicht?
Allgemeine Fragen,Wo finde ich die Datenschutzeinstellungen?
Technische Probleme,Wie behebe ich eine langsame WLAN-Verbindung?
Allgemeine Fragen,Wie kann ich mein Passwort ändern?
Allgemeine Fragen,Warum kann ich keine Dateien herunterladen?
Technische Probleme,Wie aktiviere ich die Zwei-Faktor-Authentifizierung?
Allgemeine Fragen,Warum startet mein Computer nicht?
Technische Probleme,Wie kann ich mein Konto löschen?
Allgemeine Fragen,Warum startet mein Computer nicht?
Technische Probleme,Wie aktiviere ich die Zwei-Faktor-Authentifizierung?
Technische Probleme,"Mein Drucker druckt nicht, was soll ich tun?"
Allgemeine Fragen,Kann ich meinen Benutzernamen ändern?
Allgemeine Fragen,Warum startet mein Computer nicht?
Technische Probleme,Wie aktiviere ich die Zwei-Faktor-Authentifizierung?
Technische Probleme,Warum funktioniert meine Internetverbindung nicht?
Allgemeine Fragen,Wo finde ich die Datenschutzeinstellungen?
Technische Probleme,Wie kann ich meinen Router neu starten?
Allgemeine Fragen,Wie aktiviere ich die Zwei-Faktor-Authentifizierung?
Allgemeine Fragen,Warum startet mein Computer nicht?
Technische Probleme,Wie kann ich mein Passwort ändern?
Technische Probleme,Wie kann ich meinen Browser-Cache leeren?
Allgemeine Fragen,Wie kann ich mein Passwort ändern?
Allgemeine Fragen,Wie behebe ich eine langsame WLAN-Verbindung?
Allgemeine Fragen,Wie aktiviere ich die Zwei-Faktor-Authentifizierung?
Allgemeine Fragen,Warum funktioniert meine Internetverbindung nicht?
Technische Probleme,Wo finde ich die Einstellungen für mein Konto?
Allgemeine Fragen,Warum kann ich keine Dateien herunterladen?
Allgemeine Fragen,Wo finde ich die Datenschutzeinstellungen?
Allgemeine Fragen,Wie kann ich meinen Router neu starten?
Allgemeine Fragen,Kann ich meinen Benutzernamen ändern?
Technische Probleme,"Mein Drucker druckt nicht, was soll ich tun?"
Technische Probleme,Kann ich meinen Benutzernamen ändern?
Technische Probleme,Wie behebe ich einen Bluescreen-Fehler?
Technische Probleme,Wie überprüfe ich den Speicherplatz auf meinem Gerät?
Allgemeine Fragen,Warum kann ich keine Dateien herunterladen?
Technische Probleme,Kann ich meinen Benutzernamen ändern?
Technische Probleme,Warum ist mein Computer so langsam?
Technische Probleme,Wie kann ich meinen Account reaktivieren?
Technische Probleme,"Mein Drucker druckt nicht, was soll ich tun?"
Allgemeine Fragen,Wie kann ich mein Konto löschen?
Technische Probleme,Warum ist mein Computer so langsam?
Technische Probleme,Wo finde ich die Datenschutzeinstellungen?
Allgemeine Fragen,Warum kann ich keine Dateien herunterladen?
Allgemeine Fragen,Wie kann ich mein Konto löschen?
Allgemeine Fragen,Warum startet mein Computer nicht?
Allgemeine Fragen,Wie melde ich mich von allen Geräten ab?
Allgemeine Fragen,"Mein Drucker druckt nicht, was soll ich tun?"
Technische Probleme,Kann ich meinen Benutzernamen ändern?
Technische Probleme,"Mein Bildschirm flackert, was kann ich tun?"
Allgemeine Fragen,Wie aktiviere ich die Zwei-Faktor-Authentifizierung?
Allgemeine Fragen,Wie behebe ich eine langsame WLAN-Verbindung?
Technische Probleme,Wie überprüfe ich den Speicherplatz auf meinem Gerät?
Technische Probleme,Wie kann ich meinen Browser-Cache leeren?
Allgemeine Fragen,Wie kann ich meine Benachrichtigungen anpassen?
Technische Probleme,"Mein Drucker druckt nicht, was soll ich tun?"
Technische Probleme,Wo finde ich die Datenschutzeinstellungen?
Technische Probleme,Warum startet mein Computer nicht?
Technische Probleme,Wie melde ich mich von allen Geräten ab?
Technische Probleme,Warum funktioniert meine Internetverbindung nicht?
Allgemeine Fragen,Kann ich meinen Benutzernamen ändern?
Technische Probleme,Wie behebe ich eine langsame WLAN-Verbindung?
Allgemeine Fragen,Wie aktiviere ich die Zwei-Faktor-Authentifizierung?
Allgemeine Fragen,Wie kann ich meinen Router neu starten?
Technische Probleme,Wo finde ich die Datenschutzeinstellungen?
Allgemeine Fragen,Wie behebe ich eine langsame WLAN-Verbindung?
Technische Probleme,Kann ich meinen Benutzernamen ändern?
Technische Probleme,Warum kann ich keine Dateien herunterladen?
Allgemeine Fragen,Wie melde ich mich von allen Geräten ab?
Allgemeine Fragen,Wie kann ich meinen Router neu starten?
Allgemeine Fragen,Wie kann ich mein Konto löschen?
Technische Probleme,Wie behebe ich einen Bluescreen-Fehler?
Allgemeine Fragen,Wie überprüfe ich den Speicherplatz auf meinem Gerät?
Allgemeine Fragen,Warum ist mein Computer so langsam?
Allgemeine Fragen,Wie kann ich mein Konto löschen?
Allgemeine Fragen,Warum startet mein Computer nicht?
Technische Probleme,Wie kann ich mein Konto löschen?
Allgemeine Fragen,Wie behebe ich eine langsame WLAN-Verbindung?
Technische Probleme,Wie überprüfe ich den Speicherplatz auf meinem Gerät?
Technische Probleme,Warum funktioniert meine Internetverbindung nicht?
Technische Probleme,Wie melde ich mich von allen Geräten ab?
Allgemeine Fragen,Wie behebe ich einen Bluescreen-Fehler?
Technische Probleme,Kann ich meinen Benutzernamen ändern?
Technische Probleme,Warum startet mein Computer nicht?
Technische Probleme,Wie melde ich mich von allen Geräten ab?
Allgemeine Fragen,"Mein Drucker druckt nicht, was soll ich tun?"
Technische Probleme,Wo finde ich die Einstellungen für mein Konto?
Allgemeine Fragen,Wie behebe ich eine langsame WLAN-Verbindung?
Technische Probleme,Wie melde ich mich von allen Geräten ab?
Technische Probleme,Wie kann ich meinen Router neu starten?
Allgemeine Fragen,Wie kann ich meinen Account reaktivieren?
Technische Probleme,Wie kann ich meinen Router neu starten?
Allgemeine Fragen,Wie kann ich meine Benachrichtigungen anpassen?
Allgemeine Fragen,Warum funktioniert meine Internetverbindung nicht?
Technische Probleme,Wie kann ich mein Passwort ändern?
Technische Probleme,Warum ist mein Computer so langsam?
Allgemeine Fragen,Wie aktiviere ich die Zwei-Faktor-Authentifizierung?
Allgemeine Fragen,Warum kann ich keine Dateien herunterladen?
Technische Probleme,Wie überprüfe ich den Speicherplatz auf meinem Gerät?
Technische Probleme,Wie kann ich meinen Browser-Cache leeren?
Technische Probleme,Wie kann ich meinen Account reaktivieren?
Technische Probleme,Warum startet mein Computer nicht?
Technische Probleme,Wie melde ich mich von allen Geräten ab?
Technische Probleme,"Mein Bildschirm flackert, was kann ich tun?"
Allgemeine Fragen,Wie melde ich mich von allen Geräten ab?
Technische Probleme,"Mein Drucker druckt nicht, was soll ich tun?"
Allgemeine Fragen,Wie aktiviere ich die Zwei-Faktor-Authentifizierung?
Allgemeine Fragen,Warum startet mein Computer nicht?
Technische Probleme,Wo finde ich die Datenschutzeinstellungen?
Allgemeine Fragen,Wie kann ich meinen Browser-Cache leeren?
Allgemeine Fragen,Wie kann ich meine Benachrichtigungen anpassen?
Technische Probleme,Warum kann ich keine Dateien herunterladen?
Technische Probleme,Wie überprüfe ich den Speicherplatz auf meinem Gerät?
Allgemeine Fragen,"Mein Drucker druckt nicht, was soll ich tun?"
Allgemeine Fragen,Wo finde ich die Einstellungen für mein Konto?
Technische Probleme,Wie kann ich meinen Browser-Cache leeren?
Technische Probleme,Wie kann ich meinen Account reaktivieren?
Technische Probleme,Wie behebe ich eine langsame WLAN-Verbindung?
Allgemeine Fragen,Wie kann ich meinen Account reaktivieren?
Technische Probleme,"Mein Drucker druckt nicht, was soll ich tun?"
Technische Probleme,Wie kann ich meinen Account reaktivieren?
Technische Probleme,Wie kann ich meinen Browser-Cache leeren?
Allgemeine Fragen,Wie kann ich meinen Account reaktivieren?
Technische Probleme,Wie behebe ich einen Bluescreen-Fehler?
Technische Probleme,Wie melde ich mich von allen Geräten ab?
Allgemeine Fragen,Wie kann ich meinen Browser-Cache leeren?
Allgemeine Fragen,Wie kann ich meine Benachrichtigungen anpassen?
Allgemeine Fragen,Warum kann ich keine Dateien herunterladen?
Technische Probleme,Wie aktiviere ich die Zwei-Faktor-Authentifizierung?
Technische Probleme,Wie kann ich meinen Router neu starten?
Technische Probleme,Wie kann ich mein Konto löschen?
Technische Probleme,Warum ist mein Computer so langsam?
Technische Probleme,Wie kann ich meine Benachrichtigungen anpassen?
Allgemeine Fragen,"Mein Drucker druckt nicht, was soll ich tun?"
Technische Probleme,Wie melde ich mich von allen Geräten ab?
Allgemeine Fragen,Warum ist mein Computer so langsam?
Technische Probleme,Wie kann ich mein Passwort ändern?
Allgemeine Fragen,Wie behebe ich einen Bluescreen-Fehler?
Technische Probleme,Wo finde ich die Einstellungen für mein Konto?
Technische Probleme,Warum ist mein Computer so langsam?
Allgemeine Fragen,Wie aktiviere ich die Zwei-Faktor-Authentifizierung?
Technische Probleme,Warum kann ich keine Dateien herunterladen?
Allgemeine Fragen,Wie überprüfe ich den Speicherplatz auf meinem Gerät?
Technische Probleme,"Mein Bildschirm flackert, was kann ich tun?"
Allgemeine Fragen,Wie kann ich mein Passwort ändern?
Technische Probleme,Wie behebe ich eine langsame WLAN-Verbindung?
Technische Probleme,Wie kann ich meinen Account reaktivieren?
Allgemeine Fragen,"Mein Drucker druckt nicht, was soll ich tun?"
Technische Probleme,Wie kann ich mein Konto löschen?
Allgemeine Fragen,"Mein Bildschirm flackert, was kann ich tun?"
Technische Probleme,Wie melde ich mich von allen Geräten ab?
Allgemeine Fragen,Warum funktioniert meine Internetverbindung nicht?
Allgemeine Fragen,Wo finde ich die Einstellungen für mein Konto?
Technische Probleme,Wie behebe ich eine langsame WLAN-Verbindung?
Allgemeine Fragen,Wie kann ich meinen Account reaktivieren?
Technische Probleme,Wie behebe ich einen Bluescreen-Fehler?
Allgemeine Fragen,Wie überprüfe ich den Speicherplatz auf meinem Gerät?
Allgemeine Fragen,Wie kann ich meinen Router neu starten?
Technische Probleme,Wie kann ich mein Konto löschen?
Allgemeine Fragen,Wie kann ich meinen Browser-Cache leeren?
Technische Probleme,Wie kann ich meine Benachrichtigungen anpassen?
Allgemeine Fragen,"Mein Drucker druckt nicht, was soll ich tun?"
Technische Probleme,Wie kann ich meine Benachrichtigungen anpassen?
Technische Probleme,Warum startet mein Computer nicht?
Technische Probleme,Wie überprüfe ich den Speicherplatz auf meinem Gerät?
Allgemeine Fragen,Wie behebe ich eine langsame WLAN-Verbindung?
Technische Probleme,Wo finde ich die Einstellungen für mein Konto?
Technische Probleme,Warum ist mein Computer so langsam?
Allgemeine Fragen,Wie melde ich mich von allen Geräten ab?
Technische Probleme,Warum kann ich keine Dateien herunterladen?
Allgemeine Fragen,Wo finde ich die Datenschutzeinstellungen?
Allgemeine Fragen,Wie kann ich meinen Browser-Cache leeren?
Allgemeine Fragen,Wie melde ich mich von allen Geräten ab?
Allgemeine Fragen,Wie kann ich meinen Router neu starten?
Technische Probleme,Wie kann ich mein Konto löschen?
Allgemeine Fragen,Warum startet mein Computer nicht?
Allgemeine Fragen,Wie überprüfe ich den Speicherplatz auf meinem Gerät?
Technische Probleme,"Mein Drucker druckt nicht, was soll ich tun?"
Allgemeine Fragen,Wie kann ich mein Konto löschen?
Technische Probleme,Wie kann ich meinen Router neu starten?
Technische Probleme,Wo finde ich die Datenschutzeinstellungen?
Technische Probleme,Warum funktioniert meine Internetverbindung nicht?
Allgemeine Fragen,Wie melde ich mich von allen Geräten ab?
Allgemeine Fragen,Warum kann ich keine Dateien herunterladen?
Allgemeine Fragen,Wie kann ich meine Benachrichtigungen anpassen?
Technische Probleme,Warum funktioniert meine Internetverbindung nicht?
Technische Probleme,Kann ich meinen Benutzernamen ändern?
Technische Probleme,Wie behebe ich eine langsame WLAN-Verbindung?
Allgemeine Fragen,Wo finde ich die Datenschutzeinstellungen?
Technische Probleme,Warum startet mein Computer nicht?
Allgemeine Fragen,Wo finde ich die Einstellungen für mein Konto?
Technische Probleme,"Mein Drucker druckt nicht, was soll ich tun?"
Technische Probleme,Wie kann ich meine Benachrichtigungen anpassen?
Allgemeine Fragen,Wie kann ich meinen Router neu starten?
Allgemeine Fragen,Wie kann ich mein Passwort ändern?
Technische Probleme,Wie kann ich meinen Router neu starten?
Technische Probleme,Wie kann ich mein Konto löschen?
Allgemeine Fragen,Warum funktioniert meine Internetverbindung nicht?
Technische Probleme,Wie kann ich mein Konto löschen?
Allgemeine Fragen,Warum ist mein Computer so langsam?
Allgemeine Fragen,Wie kann ich mein Passwort ändern?
Technische Probleme,Warum funktioniert meine Internetverbindung nicht?
Technische Probleme,Wo finde ich die Einstellungen für mein Konto?
Allgemeine Fragen,Warum kann ich keine Dateien herunterladen?
Allgemeine Fragen,Wie kann ich mein Passwort ändern?
Allgemeine Fragen,Warum ist mein Computer so langsam?
Allgemeine Fragen,Wie kann ich mein Konto löschen?
Technische Probleme,Wie kann ich meinen Router neu starten?
Technische Probleme,Wie kann ich meinen Account reaktivieren?
Technische Probleme,Wie behebe ich einen Bluescreen-Fehler?
Allgemeine Fragen,Wie aktiviere ich die Zwei-Faktor-Authentifizierung?
Allgemeine Fragen,Warum funktioniert meine Internetverbindung nicht?
Allgemeine Fragen,Wie kann ich mein Konto löschen?
Technische Probleme,Wie kann ich meinen Browser-Cache leeren?
Allgemeine Fragen,Kann ich meinen Benutzernamen ändern?
Allgemeine Fragen,Warum kann ich keine Dateien herunterladen?
Allgemeine Fragen,Wo finde ich die Einstellungen für mein Konto?
Allgemeine Fragen,"Mein Drucker druckt nicht, was soll ich tun?"
Allgemeine Fragen,Wie überprüfe ich den Speicherplatz auf meinem Gerät?
Allgemeine Fragen,Wie kann ich meinen Browser-Cache leeren?
Technische Probleme,Wie überprüfe ich den Speicherplatz auf meinem Gerät?
Technische Probleme,Wie kann ich meinen Browser-Cache leeren?
Technische Probleme,Wie kann ich mein Konto löschen?
Allgemeine Fragen,Warum kann ich keine Dateien herunterladen?
Technische Probleme,Wie kann ich meine Benachrichtigungen anpassen?
Allgemeine Fragen,Warum startet mein Computer nicht?
Technische Probleme,Wie kann ich meine Benachrichtigungen anpassen?
Technische Probleme,Warum ist mein Computer so langsam?
Technische Probleme,Wo finde ich die Datenschutzeinstellungen?
Allgemeine Fragen,Warum ist mein Computer so langsam?
Technische Probleme,Wo finde ich die Einstellungen für mein Konto?
Technische Probleme,Warum funktioniert meine Internetverbindung nicht?
Allgemeine Fragen,Wo finde ich die Einstellungen für mein Konto?
Allgemeine Fragen,Wie behebe ich eine langsame WLAN-Verbindung?
Technische Probleme,Wo finde ich die Datenschutzeinstellungen?
Allgemeine Fragen,Wie kann ich meinen Router neu starten?
Technische Probleme,Wie kann ich meinen Account reaktivieren?
Technische Probleme,Wie behebe ich einen Bluescreen-Fehler?
Technische Probleme,Kann ich meinen Benutzernamen ändern?
Technische Probleme,Warum ist mein Computer so langsam?
Technische Probleme,Wo finde ich die Einstellungen für mein Konto?
Technische Probleme,Wie kann ich meinen Browser-Cache leeren?
Technische Probleme,Wie kann ich meinen Account reaktivieren?
Technische Probleme,Wie behebe ich einen Bluescreen-Fehler?
Technische Probleme,Wie kann ich meine Benachrichtigungen anpassen?
Allgemeine Fragen,Warum ist mein Computer so langsam?
Allgemeine Fragen,Wo finde ich die Einstellungen für mein Konto?
Technische Probleme,Warum startet mein Computer nicht?
Allgemeine Fragen,Wie aktiviere ich die Zwei-Faktor-Authentifizierung?
Allgemeine Fragen,Wie kann ich meinen Browser-Cache leeren?
Technische Probleme,Wo finde ich die Datenschutzeinstellungen?
Allgemeine Fragen,"Mein Drucker druckt nicht, was soll ich tun?"
Allgemeine Fragen,Wie aktiviere ich die Zwei-Faktor-Authentifizierung?
Technische Probleme,Warum kann ich keine Dateien herunterladen?
Allgemeine Fragen,Kann ich meinen Benutzernamen ändern?
Technische Probleme,"Mein Bildschirm flackert, was kann ich tun?"
Technische Probleme,Wo finde ich die Einstellungen für mein Konto?
Technische Probleme,Wie kann ich meinen Browser-Cache leeren?
Technische Probleme,Wo finde ich die Datenschutzeinstellungen?
Allgemeine Fragen,Wie behebe ich eine langsame WLAN-Verbindung?
Technische Probleme,Wie kann ich meinen Account reaktivieren?
Technische Probleme,"Mein Drucker druckt nicht, was soll ich tun?"
Allgemeine Fragen,Wie kann ich mein Passwort ändern?
Technische Probleme,"Mein Bildschirm flackert, was kann ich tun?"
Technische Probleme,Kann ich meinen Benutzernamen ändern?
Allgemeine Fragen,"Mein Drucker druckt nicht, was soll ich tun?"
Allgemeine Fragen,Wie überprüfe ich den Speicherplatz auf meinem Gerät?
Allgemeine Fragen,Warum ist mein Computer so langsam?
Technische Probleme,Wie melde ich mich von allen Geräten ab?
Allgemeine Fragen,Warum ist mein Computer so langsam?
Technische Probleme,Wie kann ich meinen Account reaktivieren?
Allgemeine Fragen,Wie kann ich meinen Router neu starten?
Technische Probleme,Wie melde ich mich von allen Geräten ab?
Technische Probleme,Warum funktioniert meine Internetverbindung nicht?
Technische Probleme,Kann ich meinen Benutzernamen ändern?
Allgemeine Fragen,Warum kann ich keine Dateien herunterladen?
Technische Probleme,Wie kann ich mein Passwort ändern?
Technische Probleme,Wie kann ich meinen Router neu starten?
Technische Probleme,Wie kann ich mein Passwort ändern?
Technische Probleme,"Mein Bildschirm flackert, was kann ich tun?"
Allgemeine Fragen,Wie aktiviere ich die Zwei-Faktor-Authentifizierung?
Technische Probleme,Wie behebe ich einen Bluescreen-Fehler?
Technische Probleme,Wo finde ich die Datenschutzeinstellungen?
Technische Probleme,Warum kann ich keine Dateien herunterladen?
Technische Probleme,Wie kann ich meine Benachrichtigungen anpassen?
Allgemeine Fragen,Warum kann ich keine Dateien herunterladen?
Technische Probleme,Wie kann ich mein Konto löschen?
Technische Probleme,Warum funktioniert meine Internetverbindung nicht?
Technische Probleme,Wie kann ich meinen Account reaktivieren?
Allgemeine Fragen,"Mein Drucker druckt nicht, was soll ich tun?"
Allgemeine Fragen,Wie aktiviere ich die Zwei-Faktor-Authentifizierung?
Allgemeine Fragen,"Mein Bildschirm flackert, was kann ich tun?"
Technische Probleme,Wo finde ich die Einstellungen für mein Konto?
Technische Probleme,"Mein Bildschirm flackert, was kann ich tun?"
Allgemeine Fragen,Wo finde ich die Einstellungen für mein Konto?
Technische Probleme,Warum funktioniert meine Internetverbindung nicht?
Allgemeine Fragen,Wie aktiviere ich die Zwei-Faktor-Authentifizierung?
Allgemeine Fragen,Warum funktioniert meine Internetverbindung nicht?
Technische Probleme,Wie kann ich mein Konto löschen?
Technische Probleme,Wie behebe ich einen Bluescreen-Fehler?
Technische Probleme,Wo finde ich die Einstellungen für mein Konto?
Allgemeine Fragen,Wie kann ich meinen Browser-Cache leeren?
Technische Probleme,Wo finde ich die Datenschutzeinstellungen?
Technische Probleme,Wie kann ich meinen Browser-Cache leeren?
Technische Probleme,Wie überprüfe ich den Speicherplatz auf meinem Gerät?
Technische Probleme,Wie kann ich meinen Browser-Cache leeren?
Technische Probleme,Wie melde ich mich von allen Geräten ab?
Allgemeine Fragen,Warum funktioniert meine Internetverbindung nicht?
Allgemeine Fragen,Wie aktiviere ich die Zwei-Faktor-Authentifizierung?
Technische Probleme,Wie kann ich meinen Browser-Cache leeren?
Technische Probleme,Wie kann ich mein Passwort ändern?
Allgemeine Fragen,Wie kann ich meinen Browser-Cache leeren?
Allgemeine Fragen,Kann ich meinen Benutzernamen ändern?
Technische Probleme,Warum funktioniert meine Internetverbindung nicht?
Technische Probleme,Wie kann ich meinen Account reaktivieren?
Technische Probleme,Warum startet mein Computer nicht?
Technische Probleme,Kann ich meinen Benutzernamen ändern?
Allgemeine Fragen,Wie behebe ich einen Bluescreen-Fehler?
Allgemeine Fragen,Wie kann ich mein Konto löschen?
Allgemeine Fragen,"Mein Bildschirm flackert, was kann ich tun?"
Technische Probleme,Wie überprüfe ich den Speicherplatz auf meinem Gerät?
Technische Probleme,Wie behebe ich einen Bluescreen-Fehler?
Allgemeine Fragen,Wo finde ich die Einstellungen für mein Konto?
Technische Probleme,Warum kann ich keine Dateien herunterladen?
Allgemeine Fragen,Wie kann ich meinen Account reaktivieren?
Technische Probleme,Wie kann ich meinen Router neu starten?
Technische Probleme,Wo finde ich die Einstellungen für mein Konto?
Allgemeine Fragen,Wie kann ich meinen Router neu starten?
Technische Probleme,Wo finde ich die Einstellungen für mein Konto?
Technische Probleme,Warum ist mein Computer so langsam?
Technische Probleme,Wie kann ich mein Passwort ändern?
Allgemeine Fragen,Warum ist mein Computer so langsam?
Technische Probleme,Wie überprüfe ich den Speicherplatz auf meinem Gerät?
Allgemeine Fragen,Wie kann ich meinen Browser-Cache leeren?
Technische Probleme,Wo finde ich die Einstellungen für mein Konto?
Technische Probleme,Wie kann ich meinen Browser-Cache leeren?
Technische Probleme,Wie kann ich mein Konto löschen?
Technische Probleme,Wie kann ich meinen Router neu starten?
Technische Probleme,Wie kann ich meinen Account reaktivieren?
Allgemeine Fragen,Warum funktioniert meine Internetverbindung nicht?
Allgemeine Fragen,Kann ich meinen Benutzernamen ändern?
Technische Probleme,"Mein Drucker druckt nicht, was soll ich tun?"
Allgemeine Fragen,Wo finde ich die Einstellungen für mein Konto?
Allgemeine Fragen,Wie kann ich meinen Router neu starten?
Allgemeine Fragen,Wie aktiviere ich die Zwei-Faktor-Authentifizierung?
Technische Probleme,Wie kann ich meinen Router neu starten?
Technische Probleme,Wie kann ich meinen Account reaktivieren?
Allgemeine Fragen,Wie kann ich meinen Browser-Cache leeren?
Allgemeine Fragen,Wo finde ich die Einstellungen für mein Konto?
Allgemeine Fragen,Wie kann ich meinen Router neu starten?
Technische Probleme,Wo finde ich die Datenschutzeinstellungen?
